{"Training Loss": 2.439728021621704, "_timestamp": 1716920726.576093, "_runtime": 37.52244687080383, "_step": 9, "_wandb": {"runtime": 37}}