{"Variational Autoencoder Training Loss": NaN, "_timestamp": 1717444864.8571532, "_runtime": 634.836846113205, "_step": 99, "_wandb": {"runtime": 634}}