{"Variational Autoencoder Training Loss": 17.465721130371094, "_timestamp": 1717442835.4296474, "_runtime": 2.793797492980957, "_step": 9, "_wandb": {"runtime": 2}}