{"Variational Autoencoder Training Loss": 18.07452392578125, "_timestamp": 1717692769.325924, "_runtime": 89.57962203025818, "_step": 199, "_wandb": {"runtime": 89}}