{"Variational Autoencoder Training Loss": NaN, "_timestamp": 1717934759.3430226, "_runtime": 91.35255360603333, "_step": 199, "_wandb": {"runtime": 91}}