{"Training Loss": 1.6382670402526855, "_timestamp": 1716919629.4923117, "_runtime": 37.69639563560486, "_step": 10, "Test Loss": 2.280268907546997, "_wandb": {"runtime": 37}}