{"Variational Autoencoder Training Loss": 18.056886672973633, "_timestamp": 1717691760.2161484, "_runtime": 89.3260293006897, "_step": 199, "_wandb": {"runtime": 89}}