{"Variational Autoencoder Training Loss": 18.113237380981445, "_timestamp": 1717446160.1038558, "_runtime": 6.0471649169921875, "_step": 0, "_wandb": {"runtime": 4}}