{"Variational Autoencoder Training Loss": 18.148536682128906, "_timestamp": 1717445829.4174647, "_runtime": 5.246492624282837, "_step": 0, "_wandb": {"runtime": 4}}