{"Training Loss": 3.0907278060913086, "_timestamp": 1716918719.6845918, "_runtime": 40.93178868293762, "_step": 9, "_wandb": {"runtime": 37}}