{"how dumb is randy": 3.10959, "_timestamp": 1716491557.1043146, "_runtime": 120.74617958068848, "_step": 99, "_wandb": {"runtime": 1}}