{"Variational Autoencoder Training Loss": 18.146472930908203, "_timestamp": 1717445742.2550468, "_runtime": 5.193309783935547, "_step": 0, "_wandb": {"runtime": 4}}