{"Variational Autoencoder Training Loss": 18.00364875793457, "_timestamp": 1717692534.7215536, "_runtime": 89.31953454017639, "_step": 199, "_wandb": {"runtime": 88}}