{"Variational Autoencoder Training Loss": NaN, "_timestamp": 1717511677.7085075, "_runtime": 131.8659646511078, "_step": 274, "_wandb": {"runtime": 140}}