{"Variational Autoencoder Training Loss": 18.705720901489258, "_timestamp": 1717757744.2407842, "_runtime": 73.64043426513672, "_step": 199, "_wandb": {"runtime": 73}}