{"how dumb is randy": 2.97, "_timestamp": 1716920650.0709627, "_runtime": 0.45798277854919434, "_step": 199, "how smart is cate": 19.97, "_wandb": {"runtime": 0}}