{"Denoising Autoencoder Training Loss": 0.5059225559234619, "_timestamp": 1716920772.046599, "_runtime": 37.5981559753418, "_step": 9, "_wandb": {"runtime": 37}}