{"Variational Autoencoder Training Loss": 17.899959564208984, "_timestamp": 1717705635.3878155, "_runtime": 75.59403347969055, "_step": 199, "_wandb": {"runtime": 75}}