{"Training Loss": 3.385159492492676, "_timestamp": 1716920428.1195886, "_runtime": 38.09045052528381, "_step": 9, "_wandb": {"runtime": 37}}