{"Variational Autoencoder Training Loss": 12.240477561950684, "_timestamp": 1717443787.6815505, "_runtime": 25.66040349006653, "_step": 99, "_wandb": {"runtime": 25}}