{"Variational Autoencoder Training Loss": 17.781475067138672, "_timestamp": 1717937584.4895604, "_runtime": 37.71098327636719, "_step": 99, "_wandb": {"runtime": 37}}