{"how dumb is randy": 2.97, "_timestamp": 1716920503.1513925, "_runtime": 9.340344429016113, "_step": 199, "how smart is cate": 19.97, "_wandb": {"runtime": 0}}