{"Variational Autoencoder Training Loss": 17.497575759887695, "_timestamp": 1717440566.1657965, "_runtime": 3.6622154712677, "_step": 9, "_wandb": {"runtime": 2}}