{"Variational Autoencoder Training Loss": NaN, "_timestamp": 1717705753.559765, "_runtime": 43.192185163497925, "_step": 97, "_wandb": {"runtime": 43}}