{"Training Loss": 2.4725632667541504, "_timestamp": 1716917883.5547566, "_runtime": 96.59439468383789, "_step": 9, "_wandb": {"runtime": 41}}