{"Variational Autoencoder Training Loss": 18.042701721191406, "_timestamp": 1717692939.1653185, "_runtime": 89.55274057388306, "_step": 199, "_wandb": {"runtime": 89}}