{"Variational Autoencoder Training Loss": 13.364054679870605, "_timestamp": 1717447181.4974895, "_runtime": 440.0113844871521, "_step": 999, "_wandb": {"runtime": 438}}