{"Variational Autoencoder Training Loss": 11.813127517700195, "_timestamp": 1717511782.3007762, "_runtime": 90.42146134376526, "_step": 199, "_wandb": {"runtime": 87}}