{"Variational Autoencoder Training Loss": NaN, "_timestamp": 1717446381.7301342, "_runtime": 180.13544821739197, "_step": 36, "_wandb": {"runtime": 184}}