{"Training Loss": 2.344956398010254, "_timestamp": 1716919049.1328535, "_runtime": 37.12510657310486, "_step": 9, "_wandb": {"runtime": 36}}