{"how dumb is randy": 1.98, "_timestamp": 1716491671.1265829, "_runtime": 15.918871879577637, "_step": 99, "_wandb": {"runtime": 0}}