{"Variational Autoencoder Training Loss": 17.378076553344727, "_timestamp": 1717442507.7187104, "_runtime": 2.7155423164367676, "_step": 9, "_wandb": {"runtime": 2}}