Succinic acid,Spermine,Spermidine,N-Formyl-L-Methionine,Indole-3-acetic acid,N-Acetyl-D-glucosamine,Malonic acid,L-Aspartic acid,L-Asparagine,Isonicotinic acid,Glutaric acid,Fumaric acid,L-Serine,Amantadine,Allantoin,Sinapic acid,Adenosine,Adenine,L-Iditol,beta-Alanine,Melibiose,L-Valine,L-Norleucine,L-Lysine,L-Isoleucine,L-Glutamine,L-Glutamic acid,Maltotriose,Acetophenone,Testosterone,METHYL PROPIONATE,Methyl hexanoate,Fenchol,(+)-Borneol,cis-Citral,Diethyl fumarate,trans-Cinnamyl alcohol,DIETHYL MALEATE,Anthracene,Pyrene
0.06459045,-0.19680014,-0.18237402,0.34233573,0.1285471,0.02020913,0.10401708,0.29335615,0.19129618,-0.05433299,0.04500049,0.08114488,0.042952206,0.25753143,-0.042133994,0.08062292,-0.020214003,0.4635894,-0.104985714,-0.016805155,-0.0073130215,0.115507275,0.19763939,-0.008052304,0.16013332,0.17159846,0.28194526,-0.0047185654,-0.20876792,-0.028562058,0.053242084,0.045633942,-0.12889212,0.08285424,-0.32886335,0.41323102,-0.1040802,0.41323102,0.51467663,0.44488803
0.03548001,0.008627938,0.0022765214,0.0024508676,0.0011845854,0.0551846,0.060535986,0.008572396,0.005386874,0.004942823,0.02886849,0.018184423,0.0039268257,0.0008276419,0.003433097,0.011255019,0.099331506,0.0014771273,0.013779069,0.005518757,0.38304302,0.0051758033,0.0045490083,0.012389593,0.004795082,0.005033935,0.008039728,0.5884401,-0.00013553056,0.06379083,0.00076453487,0.0019115793,0.011470123,0.025675312,0.0015546047,0.0013600476,0.00014848556,0.0013600476,-0.001243684,-0.004034651
-0.25173154,0.44721046,0.43520358,-0.22143167,-0.122967705,0.0009060887,-0.2609414,0.13843484,-0.17806612,-0.24107286,-0.22008842,-0.21262807,-0.11387124,-0.26134548,-0.2970071,-0.06615389,0.1823914,-0.07633356,0.41088712,-0.11294408,0.39114463,-0.3551766,-0.1188528,0.07774666,-0.41001296,-0.120398015,0.1647405,0.4638137,-0.012840794,-0.061394658,0.034501094,0.023809023,-0.18763633,-0.2211297,-0.07680689,0.15106112,-0.07723212,0.15106112,0.19801398,0.06416188
0.044982646,0.43900076,0.45269462,0.38952944,0.716042,0.21381086,0.027382677,0.5004293,0.44727674,0.12734012,0.049520157,0.065989815,0.5540582,0.4260841,0.5951872,0.14148955,0.42021605,0.45608336,0.5337557,0.57502025,0.37660244,0.089679845,-0.10605585,0.44251493,-0.035340223,0.38613206,0.4576317,0.47388646,0.033316016,-0.36346063,-0.19912218,-0.28856215,-0.27934277,-0.27039078,-0.11027311,-0.19098806,0.1926615,-0.19098806,0.4723593,0.42826182
-0.010590606,-0.02255253,-0.019926084,-0.048635066,-0.086097,-0.24381378,-0.017281098,-0.0641196,-0.03914188,-0.015788762,-0.0071937605,-0.005356304,-0.047236342,-0.11046539,-0.13184355,-0.035374235,-0.1494882,-0.25025028,-0.18100804,-0.032051977,-0.16536507,-0.016978893,-0.021915074,-0.037479702,-0.014846057,-0.03963415,-0.06929376,-0.08241172,-0.043475516,-0.45758715,-0.060604434,-0.05779862,-0.06770833,-0.08217304,-0.09149674,-0.20126727,-0.012332905,-0.20126727,-0.043045454,-0.019332897
0.6006977,0.3060897,0.28126198,0.2042323,0.4936912,0.15454446,0.6697385,0.45590195,0.5068611,0.35570252,0.56152636,0.4975179,0.27804148,0.0749935,0.5778208,0.14041951,0.040263947,0.13510613,0.58528376,0.2726368,0.33433557,0.08524701,0.18896164,0.43291375,0.11238987,0.5089667,0.48467812,0.30546355,0.118126735,0.0028293114,0.23926477,0.28780898,0.0112169925,0.0068835397,0.076372,0.3725778,0.21279544,0.3725778,0.09337073,0.02969107
-0.1974723,-0.65175575,-0.60286313,-0.39265755,-0.49379712,-0.11384866,-0.19573139,-0.5217486,-0.53975964,0.1635749,-0.09618975,-0.21719648,-0.38102072,0.08765824,-0.30779672,-0.25285333,-0.18624906,-0.2416823,-0.59549475,-0.35984123,-0.3204331,-0.32920623,-0.54443717,-0.6084012,-0.5134241,-0.5035693,-0.474601,-0.28815004,-0.08089733,-0.61444056,-0.12255014,-0.07246384,0.06620378,-0.032277383,-0.06415182,-0.21687742,-0.17532365,-0.21687742,0.10799196,0.15801567
-0.00081676,-0.18314935,-0.19094282,-0.124627165,-0.069920324,-0.16578212,-0.0007708976,-0.0652014,-0.045824334,-0.016831627,-0.0052773324,-0.00022828249,-0.104583405,-0.12440102,-0.020240627,-0.16538846,-0.017651986,-0.0110930195,-0.070615925,-0.07049343,-0.1255394,-0.09864783,-0.2027907,-0.12576492,-0.1668198,-0.058990095,-0.07850257,-0.1444963,-0.55881387,-0.35407993,-0.2703947,-0.40622544,-0.13968281,-0.10693708,-0.21223284,-0.20193183,-0.34320113,-0.20193183,-0.07952381,-0.009640345
-0.026356222,-0.0077216187,-0.013652133,-0.0123415645,-0.06551157,0.0038079335,-0.022380743,-0.014520216,-0.004437532,-0.054721355,-0.030462153,-0.028645167,-0.007748761,-0.37963092,-0.0019332676,-0.010382813,0.0022166602,-0.0075738714,0.0046345633,-0.020290023,0.007996285,-0.01574298,-0.017735844,-0.0058538807,-0.009790803,-0.007901748,-0.019462,0.004301334,-0.22344162,0.61013,-0.2728449,-0.19861019,-0.0789907,0.06880968,-0.21085827,-0.32027,-0.10509339,-0.32027,-0.15723968,-0.08503223
0.06580486,-0.89304805,-0.8910679,-0.80743974,-0.114243016,-0.23767143,-0.048817076,-0.22382388,-0.73010284,0.06561295,0.03394806,0.13830492,-0.72044677,-0.16998638,0.25585493,-0.066723764,-0.7898272,-0.031075181,0.067114316,-0.4740915,0.16580698,-0.73170584,-0.27749702,-0.72458935,-0.7209786,-0.6878356,-0.1194303,-0.023020295,-0.21328273,-0.14033592,-0.18997905,0.034665536,-0.06689151,-0.4476093,-0.2958168,0.25706416,-0.10969104,0.25706416,-0.6376966,-0.6422047
0.010707073,-0.08316723,-0.08602505,-0.31130037,-0.14636171,0.5793061,0.082824506,-0.33485043,-0.16714674,-0.025005085,-0.025143204,-0.027863907,-0.2894463,0.12128262,-0.45134714,-0.32683796,0.2807906,-0.07404468,0.73898107,-0.10419393,0.37296802,-0.22371343,-0.25635132,-0.199218,-0.1418745,-0.15205398,-0.36750984,0.45311904,0.28016654,0.50646585,-0.051904757,-0.17804717,0.45473355,0.3537351,-0.23717803,-0.29284966,0.0046206303,-0.29284966,0.097415425,-0.09623493
-0.0019248081,-6.745508e-05,-9.924363e-05,-0.00062314386,-0.00027957425,-0.68720245,-0.0014806195,-0.0021908414,-0.00084124587,-0.0016493612,-0.0031125396,-0.0019357908,-0.0106044095,-0.0022377484,-0.0007378673,-0.008830047,-0.7897327,-0.00028439565,-0.84706485,-0.00064703164,-0.9697,-0.0013870959,-0.0011402761,-0.000822371,-0.0015121456,-0.0012072909,-0.0031291754,-0.97902304,-0.0011333422,-0.03598812,-0.003382995,-0.0016696583,-0.02430124,-0.024881668,-0.0038621617,-0.0033016389,-0.002651086,-0.0033016389,-0.00023174542,-0.00037209544
0.012975354,0.00033313452,0.00055105117,-0.098308615,0.4305952,0.16282664,0.006869484,0.40061364,0.40281695,0.09360115,0.019259783,0.02060694,0.074099205,0.06832352,0.5601408,0.19325721,0.21407714,0.4203864,0.03848891,0.080286585,0.2097981,0.25710237,0.021873951,0.03329105,0.14073071,0.3358692,0.21904814,0.22947864,0.28974003,0.0018317463,0.1363786,0.023762057,0.006561429,0.006140539,0.026407212,0.0060804794,0.13442358,0.0060804794,0.32026246,0.15318957
-0.0015807807,-0.00016610367,-0.00018555787,-0.00592586,-0.0538648,-0.3350077,-0.0007584326,-0.004725102,-0.002065073,-0.023519019,-0.0040415814,-0.004721067,-0.0022935327,-0.0029226087,-0.36245456,-0.0017977487,-0.69468814,-0.15813929,-0.0064062257,-0.0011739504,-0.056402333,-0.0011242036,-0.0017212423,-0.0015005356,-0.0028786561,-0.0024203775,-0.005034689,-0.07761243,-0.001478822,-0.0058282064,-0.002501361,-0.0007779072,-0.00080544694,-0.0007913995,-0.00011725555,-0.00077042857,-0.0007843415,-0.00077042857,-0.0004183219,-0.0005811921
-0.10187512,-0.11588655,-0.08811339,-0.019804891,-0.23179227,-0.112002306,-0.03632824,-0.12972082,-0.055402026,-0.061080463,-0.13752055,-0.12426989,-0.0906968,-0.13817863,-0.0400785,-0.14576754,-0.027692864,-0.051386185,-0.107876025,-0.14986354,-0.2683793,-0.2292539,-0.13259798,-0.120182484,-0.13495617,-0.06336703,-0.1406403,-0.20666213,-0.048456036,-0.071521804,-0.13815305,-0.113611415,-0.25583765,-0.43889558,-0.094809934,-0.12710917,-0.10559308,-0.12710917,-0.15553193,-0.1385277
-0.0068664993,-0.00022391845,-0.00051588315,-0.005104314,-0.12476681,-0.027800096,-0.002262475,-0.01207424,-0.004005363,-0.2003023,-0.009174422,-0.025400037,-0.013005685,-0.0086417915,-0.0001917016,-0.18664448,-0.37842223,-0.040681366,-0.019379387,-0.018823592,-0.06183191,-0.21908061,-0.21911845,-0.015955867,-0.13098063,-0.008387335,-0.018344088,-0.06570739,-0.12143592,-0.19297092,-0.12996359,-0.20254491,-0.45988914,-0.4746734,-0.2511033,-0.027214546,-0.30324593,-0.027214546,-0.06785458,-0.069915324
-0.28529993,-0.5074935,-0.36995766,-0.33739495,-0.057769805,-0.24167357,-0.20578486,-0.1585185,-0.4028565,-0.032087997,-0.16936551,-0.33621296,-0.31330377,-0.09406397,-0.22974677,-0.2517636,-0.35828742,-0.17699035,-0.040103257,-0.1856996,-0.061359785,-0.3261174,-0.23773015,-0.3153754,-0.28642336,-0.3670336,-0.15832871,-0.048879053,-0.06538356,-0.15511578,-0.0472571,-0.04754789,-0.056838065,-0.047923233,-0.25248575,-0.2375655,-0.09553205,-0.2375655,-0.10207369,-0.06662344
-0.03172249,-6.204895e-05,-7.813437e-05,-0.0029336675,-0.029711615,-0.029419003,-0.009654804,-0.0059145046,-0.010399691,-0.050654218,-0.04548459,-0.04530418,-0.0014286984,-0.0046194852,-0.008221999,-0.030526336,-0.07143284,-0.014621216,-0.0016778457,-0.0026464735,-0.021560535,-0.015886454,-0.007435462,-0.0006124843,-0.009751617,-0.017381629,-0.004092273,-0.013772698,-0.22001235,-0.074470356,-0.35196012,-0.30235296,-0.088564195,-0.08462544,-0.19328484,-0.17713167,-0.061294038,-0.17713167,-0.03981229,-0.03602137
0.026993092,0.00602088,0.008280455,0.0045985566,0.00040686372,0.0054632085,0.039545104,0.0016069853,0.0006479926,0.0040362086,0.01848797,0.049744558,0.003633134,0.003617663,0.000116363546,0.0010631942,0.012447873,0.000941236,0.0029502504,0.003876136,0.0024603894,0.0013161448,0.0025321501,0.002027557,0.0029104312,0.0009282309,0.0022959213,0.0030020806,0.0015631365,0.00064417644,0.0007481818,0.0025556742,0.0011450776,0.0021999872,0.004302471,0.0010271703,0.0036328977,0.0010271703,0.00063069,0.00066300237
-0.018937713,-0.105704166,-0.110278554,-0.43514842,-0.41507217,-0.3174846,-0.03087679,-0.41846898,-0.21585642,-0.33704463,-0.034894247,-0.013457187,-0.42090195,-0.44892842,-0.3422194,0.20612186,-0.44939616,-0.5056767,-0.3776438,-0.16768177,-0.21153213,-0.11843999,-0.31840515,-0.1177637,-0.16045405,-0.21957196,-0.44497302,-0.1803906,-0.35050514,-0.3775258,-0.3511746,-0.4424598,-0.07833892,-0.23665893,-0.15637857,-0.42529488,-0.36352885,-0.42529488,-0.52914155,-0.36541492
-0.016953552,-0.49483094,-0.41625583,-0.1839542,-0.07936533,-0.4848294,-0.009298492,-0.060830586,-0.13360913,-0.025266128,-0.035266988,-0.02256959,-0.06861801,-0.15319501,-0.45101568,-0.009929345,-0.00074713276,-6.5771346e-05,-0.22200647,-0.053975314,-0.48015133,-0.11479721,-0.14332476,-0.21340445,-0.11177336,-0.15090822,-0.077204205,-0.4181715,-0.011182304,-0.45449236,-0.08311352,-0.17442432,-0.26811332,-0.30345213,-0.4199401,-0.29716143,-0.024312114,-0.29716143,-0.0027223127,-0.00060857355
0.013618064,0.2696598,0.28943828,0.021766584,0.0194455,-0.10309085,0.00923973,0.030015016,-0.07611264,0.029650293,0.004181689,0.039793964,0.044258475,0.63075864,-0.002306466,0.05150604,0.22399156,0.26521546,0.16189022,0.04096542,0.19205715,0.05527452,0.04935622,0.09192523,0.05391679,-0.085262425,0.028114423,0.24062444,-0.0067551103,-0.037573863,0.016511241,0.005400277,0.5750504,0.50084203,0.00055056514,-0.013978822,0.11323779,-0.013978822,0.67870194,0.540191
-0.06315762,-0.36879662,-0.35292697,-0.23174348,-0.16515407,0.0016652351,-0.040667176,-0.17784493,-0.22122608,-0.21285418,-0.093926996,-0.07478187,-0.11344722,-0.119747296,0.2471921,-0.17449266,-0.056988608,-0.115169674,-0.13135938,-0.21390162,0.0077089802,-0.10451989,-0.20056285,-0.17446508,-0.16209227,-0.23394872,-0.17828932,0.03555411,-0.22724217,-0.043947715,-0.24398613,-0.27845502,-0.074616425,-0.029660037,-0.22382568,-0.29551694,-0.21363613,-0.29551694,-0.16869247,-0.16206162
-0.4259611,0.6737217,0.6169012,0.2984445,0.43152988,0.39487877,-0.2351813,-0.5847619,-0.23089525,-0.23802893,-0.46881863,-0.5150725,-0.25343373,-0.32265657,-0.37347946,-0.14888251,0.67141753,0.40740627,0.70754004,-0.3451476,0.6989799,-0.463707,-0.40619865,0.06476906,-0.48539373,-0.23366547,-0.5207008,0.7050451,0.5054494,-0.9637486,-0.3659063,-0.25594336,-0.032139264,0.0071334234,0.6759132,0.044216063,0.3481467,0.044216063,0.5999132,0.6879575
-0.0075506885,-3.784029e-05,-3.6615613e-05,-0.00013424197,-0.0009261585,-0.0011750321,-0.010677854,-7.967819e-05,-8.3241095e-05,-0.001922781,-0.003937406,-0.008423314,-0.0001591031,-8.79894e-05,-0.00034787008,-0.35804468,-0.0011768534,-0.00034393845,-0.00017203596,-0.00043823643,-0.0014432289,-0.00015852161,-0.00016239725,-0.0002611744,-0.0001635957,-0.000105776984,-9.870774e-05,-0.0014542361,-0.0005223015,-0.00138379,-0.00069944316,-0.0003925878,-0.0006663289,-0.00034560045,-0.0002463364,-0.0008645196,-0.0013805024,-0.0008645196,-0.000155448,-0.00038155718
-0.02184816,-0.0044998038,-0.02129641,0.0021824923,-0.045691393,0.014720638,-0.025453573,-0.025078475,0.0510663,-0.03778547,-0.020981465,-0.03228559,-0.051186055,-0.09533917,0.1703195,-0.029686097,-0.067822866,-0.030459384,-0.08966244,-0.03426855,-0.13481139,-0.040440757,-0.071715586,0.0031489138,-0.04555778,0.046827156,-0.024458475,-0.14390491,-0.04703986,-0.11568858,-0.04443287,-0.06446724,-0.060127724,-0.06816973,-0.042925254,-0.015702743,-0.03790033,-0.015702743,-0.099577405,-0.091468036
0.013001315,-0.41495728,-0.3642889,0.08022357,-0.0423144,0.17153952,0.04137297,0.36180446,0.3327012,-0.14318846,-0.016219927,0.083647214,0.24716803,0.26313105,0.1569266,0.035623778,0.005266048,-0.25205663,0.016929163,0.050999925,-0.0022448339,0.22542547,0.17587487,0.2241819,0.26411834,0.23813696,0.16480596,0.23446101,-0.2759186,0.09379046,-0.20366998,-0.35056853,-0.1353019,0.051971816,-0.2859583,-0.16269247,-0.08002551,-0.16269247,-0.21359026,-0.21953526
-0.3024184,-0.5336884,-0.50560766,-0.025207398,-0.46184534,-0.3002524,-0.20533405,-0.31934115,-0.24219528,-0.2463572,-0.3294684,-0.31409597,-0.2445813,-0.46825156,-0.088684596,0.34261668,-0.28821453,-0.06891742,-0.55514234,-0.16334298,-0.30560866,-0.3004323,-0.060878832,-0.025717296,-0.081920266,-0.30031794,-0.31752568,-0.25066757,-0.17393918,0.68701464,-0.24698623,-0.056350697,0.1935578,-0.0205896,-0.1566987,-0.2519762,-0.19961998,-0.2519762,-0.3146973,-0.30237985
-0.09916289,-0.94269913,-0.9321541,-0.4227942,-0.03900996,-0.76406187,-0.06362794,-0.77764934,-0.8993086,0.008130851,-0.11449401,-0.12836614,-0.69713956,-0.8607529,-0.95760876,0.5126426,-0.68443805,-0.55869603,-0.50441045,-0.5400003,-0.53066283,-0.7155987,-0.6236282,-0.88002735,-0.77978927,-0.87454414,-0.77090716,-0.49090067,0.1857595,0.42661858,-0.19804896,0.25389287,0.3594593,0.44401821,0.6369285,0.46937752,-0.014014608,0.46937752,0.50936204,0.33029133
-0.010753527,-2.468786e-06,-3.6387487e-06,-0.0060244007,-0.04201811,-0.310292,-0.010876686,-0.0066426047,-0.0030566286,-0.03974045,-0.01602755,-0.014581587,-0.0013170724,-0.0005176795,-0.0025502201,-0.14005499,-0.0020052618,-0.00019590861,-0.033289663,-0.0005891651,-0.14587118,-0.00095112016,-0.0043041743,-0.00020079524,-0.0016444328,-0.005454582,-0.009487892,-0.15975349,-0.12119127,-0.4358445,-0.10367638,-0.1695319,-0.05273719,-0.028393172,-0.14050995,-0.4501728,-0.05526717,-0.4501728,-0.020991199,-0.038534664
0.0051821535,0.00032242562,0.00028385076,0.060786065,0.005345733,0.014198418,0.0036337646,0.0003006289,0.021290602,0.0053260257,0.010699458,0.0054938514,0.0038217558,5.8828424e-05,0.72512436,0.0007732068,0.010096351,0.0007217231,5.1949297e-05,0.0028074654,3.7274673e-05,0.0018096303,0.0023547763,0.0034879255,0.0030887844,0.02527587,0.0008710574,2.498358e-05,0.002185123,0.064575024,0.005553377,0.007987556,0.001829616,0.0027434481,0.004215995,0.0015758267,0.00087401766,0.0015758267,5.8319238e-05,0.00016128586
0.23910885,-0.49585843,-0.64109737,-0.46299016,-0.6735226,-0.10966443,0.27612767,-0.49504122,-0.45359147,-0.22710192,0.21525656,0.18135412,-0.7453581,-0.85910636,0.34689423,-0.07670282,0.54117215,-0.57532334,-0.16943331,-0.6721806,0.15103954,-0.836725,-0.861842,-0.7185448,-0.8515062,-0.41529945,-0.5242652,0.15246181,-0.39577845,-0.68287677,-0.695137,-0.70829046,-0.60376644,-0.8753997,-0.46465212,-0.3889499,-0.69419754,-0.3889499,-0.12928526,0.045123838
-0.020060232,-0.70770675,-0.7135985,-0.4157115,-0.021459067,-0.031392276,0.048513714,-0.7540575,-0.69805336,-0.046657376,0.01816498,-0.082693405,-0.7218417,-0.1702971,-0.06358614,-0.08750431,-0.91877306,-0.45115253,-0.04643172,-0.6574289,-0.019081686,-0.7512909,-0.71551824,-0.8325964,-0.75183254,-0.570052,-0.7706661,-0.01709911,-0.03167461,-0.107703164,-0.018380148,-0.019457502,-0.09368699,-0.07705242,-0.025495924,-0.0045210123,-0.046975866,-0.0045210123,-0.014999471,-0.020855252
-0.08305971,-0.9600911,-0.92884725,-0.84463805,-0.14213233,-0.0013319585,-0.07942687,-0.7551913,-0.86062074,-0.11834309,-0.11609855,-0.07858708,-0.73717916,-0.06434041,-0.113892496,-0.20572227,0.053339012,-0.05895475,-0.8447243,-0.5279077,-0.03052904,-0.8407863,-0.771652,-0.6564679,-0.86150426,-0.84270304,-0.691794,-0.033375498,-0.100089654,-0.00022720023,-0.45485187,-0.4326667,-0.0019243251,-2.0809775e-05,-0.68148136,-0.76228106,-0.32737103,-0.76228106,-0.26925492,-0.066246144
0.065473996,0.17569819,0.12896731,0.2170658,0.14172003,0.5149325,0.04980056,0.2902345,0.27074605,0.19993302,0.13008752,0.030086013,0.24378645,0.031097598,0.4597746,0.04167639,0.6203788,0.11221958,0.6594784,0.23518822,0.1931541,0.06320875,0.14236322,0.15161458,0.05909372,0.2861566,0.3330976,0.14030094,0.1365502,9.141714e-06,0.11606808,0.16177583,0.0016373507,0.0004208802,0.0035412214,0.062905766,0.111940406,0.062905766,0.15763094,0.0614277
0.034448594,0.2355316,0.12507628,0.20934163,0.024192974,-0.04772873,0.031737264,0.27781588,0.2904629,0.080423795,0.052036405,0.046357255,0.21616873,-0.052512556,-0.063431114,0.012286939,-0.054000113,-0.044409074,0.0052895434,0.062073354,-0.69778323,0.19604547,-0.023825709,0.0578534,0.15638459,0.24831127,0.19447048,-0.72385705,-0.26458222,-0.13824534,-0.21925288,-0.47452956,-0.14366996,-0.10131817,-0.015331185,-0.26540828,-0.068546325,-0.26540828,-0.29007605,-0.23763187
-0.006361264,-0.010527921,-0.0109571945,-0.8334309,-0.021025117,-0.6734643,-0.0027493152,-0.8304868,-0.476534,-0.005184621,-0.005560956,-0.0041410974,-0.51027846,-0.5796299,-0.6315686,-0.04224574,-0.0054295007,-0.049076393,-0.3326923,-0.20516984,-0.5105772,-0.7957678,-0.62515324,-0.33981562,-0.6020575,-0.37059993,-0.8315151,-0.38358223,-0.032195006,-0.88911223,-0.57518613,-0.76995045,-0.54377127,-0.6647671,-0.68690646,-0.61736405,-0.015426872,-0.61736405,0.0003952704,-3.8515198e-05
0.0049966094,0.114172034,0.12670855,-0.019072374,-0.15957662,-0.03484266,0.0033089381,-0.016802954,0.019348336,-0.0072413674,0.00415966,0.004593603,0.070987485,0.08261366,0.0033785389,-0.034485973,-0.013950056,-0.027976032,-0.27443787,0.061493464,-0.09276838,0.09155336,-0.014922125,0.11578063,0.06459534,0.0065999506,-0.07406604,-0.14802667,-0.25198436,-0.17282799,-0.20702127,-0.42074847,-0.2509348,-0.2317655,-0.040810913,-0.5019225,-0.14974755,-0.5019225,-0.46741086,-0.45118898
0.0040596635,0.003782186,0.0041226316,0.010957697,0.0067268605,0.045428026,0.0031917458,0.0075613633,0.0047745975,0.007847054,0.004752484,0.0061244974,0.01189176,0.006724914,0.022717461,-0.2812961,0.13707595,0.009764167,0.020632373,0.005411861,0.16710106,0.00778509,0.010000109,0.008570773,0.0073298733,0.005489323,0.011423866,0.2145034,0.0066586197,0.21428747,0.0035824836,0.019434052,0.02640849,0.037767746,0.006717019,0.010934171,0.0090298075,0.010934171,0.001965416,0.0036518343
-0.06961767,-0.00012962277,-0.00019503626,-0.0005430843,-0.0020401136,-0.00018198241,-0.2985048,-0.0015495764,-0.00026986946,-0.03602872,-0.021141449,-0.062085215,-0.000109583096,-0.012831169,-4.3776623e-07,-0.013010962,0.0004092606,-0.00022315516,-0.0004239209,-0.0014145698,-0.00079837925,-0.00043423698,-0.0034299588,-0.00023165146,-0.0006002,-0.0005566146,-0.003027837,-0.0012692056,-0.3223366,-0.056500178,-0.38783833,-0.69565815,-0.017452983,-0.0058766706,-0.39018098,-0.68533826,-0.044412743,-0.68533826,-0.5281659,-0.31905752
0.032757442,-0.089217074,-0.08447887,-0.12360053,-0.12439354,0.060776226,0.07593618,-0.15822798,-0.17429991,0.012679443,0.024147518,0.021532478,-0.04561514,-0.040460546,-0.11387286,0.5257226,0.1457787,-0.040613607,0.11901635,-0.07805633,0.4228673,-0.15914819,-0.1861177,-0.16857053,-0.17943047,-0.15913275,-0.12587982,0.4286646,-0.08718854,-0.12857716,-0.028577778,-0.05396773,-0.08643748,-0.10011735,-0.120012596,-0.030271882,-0.0322815,-0.030271882,-0.053685527,-0.068273254
-0.050154623,-0.26319438,-0.3274607,-0.6347031,-0.76475644,-0.3097656,-0.15001594,-0.7915041,-0.8026428,-0.25882903,-0.07519734,0.21909857,-0.5113832,-0.36926115,-0.5595209,0.24998498,0.37157005,-0.5018443,-0.4643096,-0.7020053,-0.53284395,-0.6194629,-0.8175076,-0.8131332,-0.6679034,-0.7132051,-0.77998114,-0.34193653,-0.38290688,0.5614335,-0.6235942,-0.83309084,-0.15233517,0.08856916,0.29841185,-0.00023210997,0.24682209,-0.00023210997,-0.23114562,-0.020246152
0.01708769,0.00026195645,0.0005372251,0.018447503,0.0043270052,0.0010923693,0.03381003,0.0052899937,0.019529836,0.023802955,0.008179959,0.0152715705,0.010322059,0.01272469,0.12764885,0.025236275,0.0003297123,0.018502684,0.00021093174,0.024465226,0.00013999734,0.016320836,0.006769715,0.0027847954,0.025825141,0.014570625,0.0027292052,-3.529305e-05,0.012531868,0.002993711,0.010180501,0.0021413271,0.007988681,0.010278017,0.009509532,0.0013379974,0.007096206,0.0013379974,0.0022880896,0.002434576
-0.012723575,-0.08449369,-0.053633757,-0.00014758574,-0.15305246,-0.12563528,-0.014561019,-0.40355325,-0.31102556,-0.103572525,-0.04144554,-0.008467286,-0.60237825,0.0008282514,-0.35552225,-0.36083224,-0.005016173,-0.08115579,-0.49789736,-0.22829366,-0.5129976,-0.5575026,-0.5037285,-0.33615655,-0.5569612,-0.35062963,-0.48252854,-0.6083082,-0.12196498,-0.079827145,-0.19044869,-0.30925584,-0.32176235,-0.27177027,-0.5629081,-0.50183433,-0.29550081,-0.50183433,-0.09695675,-0.07057436
-0.036085736,-0.032921307,-0.028869187,-0.0025740843,-0.07102376,-0.021546077,-0.009126595,-0.01627423,-0.036072947,-0.04732498,-0.03180325,-0.0400471,-0.011354281,-0.022535715,-0.15427484,-0.00018248457,-0.6834675,-0.56727505,-4.629124e-06,-0.056818858,0.0009195973,-0.04067442,-0.02203963,-0.041361053,-0.03537842,-0.03131616,-0.009551973,0.001182581,-0.0029064694,-0.014678861,-0.009576909,-0.0039267475,-0.00965174,-0.019924583,-0.005420335,-0.003384352,-0.00579376,-0.003384352,-0.0003615208,-0.0006689059
0.009360386,0.004958147,0.005921475,0.0064270925,0.10412286,0.05127101,0.012409962,0.029327067,0.098126836,0.09806112,0.0146768335,0.008071384,0.013008992,0.030333692,0.031834986,0.057399873,0.089856684,0.019644175,0.013080184,0.018508699,0.031772226,0.05735631,0.052159797,0.032974772,0.06848268,0.1334954,0.035213254,0.030195141,0.059826445,0.16979368,0.07476318,0.2031531,0.2088766,0.21377233,0.052962564,0.061770942,0.03316059,0.061770942,0.0422309,0.040233266
0.7984905,-0.6192617,-0.47923377,0.5690397,0.7574168,0.98988295,0.8479368,0.9885082,0.9258051,0.9688539,0.86326283,0.7766564,0.9276024,0.8919498,0.88905144,-0.30416608,0.99638724,0.81891847,0.71510917,0.93394715,0.8258827,0.98907304,0.96199626,0.70247215,0.9690461,0.93753374,0.97633934,0.79678756,0.53024465,-0.312275,0.98536074,0.9897392,0.98836994,0.9916486,-0.10262678,-0.14544965,0.6454922,-0.14544965,0.35964915,-0.06887885
0.0066821147,0.03945469,0.03874593,0.00036051532,0.0006035528,0.00058846315,0.006858173,6.107945e-05,4.7416797e-05,0.00376961,0.0043092407,0.013662725,0.00040300543,0.019116662,2.9075703e-05,0.0022960566,8.191913e-05,0.0014336661,0.0009289706,0.00089575053,0.00016914125,7.657599e-05,0.0004908628,0.00059413066,0.00010087396,7.9186095e-05,0.00017246758,9.144686e-05,0.0007419873,0.012245752,0.0006318784,0.0026736949,0.00046272163,0.00030197424,0.0024035568,0.008722226,0.0032564006,0.008722226,0.0056161084,0.0037071598
-0.06890145,-0.32155594,-0.3378827,0.08090483,0.085889146,0.1706904,-0.0888776,0.15489303,0.4351509,0.094937816,-0.05598174,-0.11808305,0.14228925,0.10734192,0.50276536,0.033081323,0.2604385,0.5428223,0.008969782,0.29561013,0.049257632,0.6200278,0.20792085,-0.0047818944,0.49783114,0.4302088,0.13044457,0.04126213,0.050988473,-0.03719626,0.06856394,0.028545951,0.07965371,0.14425138,0.038159933,0.0654779,0.052249625,0.0654779,0.052373778,0.083498865
-0.0006560935,0.07141654,0.11152165,0.09042854,0.027760979,-0.036008257,0.0006351698,-0.07355418,-0.0723766,0.0030132825,-0.003963971,-0.0038974357,-0.047557116,0.03357095,-0.03686079,0.03039159,-0.02659928,-0.036383998,0.04269706,0.019362073,0.068212196,-0.02360107,-0.012214695,0.041057143,-0.019439338,-0.08426533,-0.079230934,0.08785278,-0.022417663,0.056331087,0.027479436,0.028750002,0.015261036,0.037370123,0.010152494,0.036537886,0.03955933,0.036537886,0.022224324,0.007664394
-0.059054475,-0.14876463,-0.15766801,-0.5118779,-0.32913092,-0.19278002,-0.071070604,-0.4786868,-0.42593807,-0.1893213,-0.101341814,-0.045520414,-0.35918406,-0.1373683,-0.47242165,-0.2688084,-0.19035569,-0.31130263,-0.5042337,-0.19481778,-0.2791259,-0.32532504,-0.39987224,-0.2581594,-0.38103837,-0.36089954,-0.47980627,-0.28247014,-0.33013427,-0.10175161,-0.3122968,-0.48727974,-0.46776903,-0.35112745,-0.62099606,-0.5454226,-0.26695532,-0.5454226,-0.75306576,-0.21208353
-0.07428175,0.18189512,0.17730823,0.455057,-0.17729776,-0.063452534,-0.078262545,-0.25953493,-0.14279853,-0.25161815,-0.059698932,-0.0755129,-0.05600136,-0.036188178,0.011082083,-0.20194128,-0.16237582,-0.1568815,0.19267112,-0.050426144,-0.075021,-0.76093984,0.2242432,0.011154632,-0.17419049,-0.13448836,-0.062213402,-0.11944845,-0.07259611,0.015497627,-0.02465703,0.3541994,-0.21128975,-0.34954345,-0.13366789,0.062587075,-0.08907757,0.062587075,0.06597642,-0.016670594
-0.3449662,0.22384024,0.20517047,-0.0009289632,0.6490557,0.009791315,-0.345677,0.14411964,0.017409842,-0.3911565,-0.31579715,-0.43513805,0.16541004,0.39168054,-0.08444311,-0.36116645,0.53440094,0.104314886,0.37363088,-0.22476612,-0.32538256,0.10878638,0.17369881,0.01695565,0.06283956,0.04107307,0.09140568,-0.4985737,0.027050497,-0.21004778,0.025169946,-0.24336384,-0.42960382,-0.292614,-0.14661337,0.2056557,-0.25185442,0.2056557,0.40522218,0.124008246
-0.075486235,-0.44296515,-0.36109355,-0.018603737,-0.010379887,-0.015104198,-0.02204625,-0.012987954,-0.0066966526,-0.026454723,-0.103863314,-0.06342471,-0.03604868,-0.26982334,-0.008943832,-0.031947467,-0.012495153,-0.2991371,-0.067818135,-0.059795495,-0.09938343,-0.066914074,-0.047822163,-0.14716928,-0.09447382,-0.0034574328,-0.014551504,-0.05295077,-0.039788917,-0.12878314,-0.03410934,-0.030814787,-0.060658194,-0.10177223,-0.10096427,-0.06729572,-0.051359836,-0.06729572,-0.37282592,-0.22811845
0.043244477,0.046730563,0.04571362,0.15332617,0.14965771,0.068268225,0.05933484,0.102068394,0.1698929,0.024945028,0.03917135,0.045762338,0.05178011,0.04693549,0.09466082,0.0076654027,-0.17789562,-0.23911604,0.08384613,0.059849177,0.082650304,0.14648266,0.15128548,0.092794985,0.14341214,0.1634653,0.095360726,0.12524119,0.032147728,0.22740054,0.05968024,0.113480605,0.08704604,0.09470108,0.1172311,0.13503568,0.06796686,0.13503568,0.03337096,0.012282488
-0.0037641337,-0.5392562,-0.40443686,-0.00090731244,-0.0029842914,-6.994568e-05,-0.012914953,-0.0025527969,-0.003649328,-0.00063627324,-0.0025980067,-0.002743864,-0.0006323989,-0.002416945,-0.0013456242,-0.0002421542,-5.5175155e-05,-0.00043376724,-3.9358463e-05,-0.011063201,-1.2252792e-05,-0.0017213748,-0.021817213,-0.17291029,-0.002774327,-0.005971008,-0.011215476,-7.715332e-06,-6.7799076e-05,-9.591551e-05,-0.00010653646,-0.004699903,-0.0006281722,-0.00022920192,-0.0014232857,-0.0009683212,-0.0004188169,-0.0009683212,-0.00015522813,-8.930336e-05
0.82013613,0.40523517,0.5208857,0.42675105,0.9402323,0.26958504,0.9285268,0.67383295,0.3230417,0.7253165,0.7491888,0.77770066,0.5768361,0.48177463,0.13586476,0.9467684,0.18108273,0.18421946,0.47347176,0.612564,0.08288415,0.49947646,0.60541046,0.6414594,0.3876109,0.39797065,0.7837331,0.06611183,0.40649042,0.993472,0.3194709,0.37930578,0.9055561,0.92390156,0.37883502,0.34904066,0.75189257,0.34904066,0.32435012,0.6140559
-0.009772906,-0.0007736496,-0.00081241486,-0.0053730113,-0.42625654,-0.036537994,-0.0034936434,-0.10134104,-0.110532,-0.08216033,-0.017066197,-0.01303207,-0.011826911,-0.086770475,-0.1104951,-0.052145667,-0.1905132,-0.078194134,-0.01550739,-0.010705579,-0.037337434,-0.03030248,-0.090191096,-0.022603383,-0.04194487,-0.124496534,-0.10000299,-0.029056417,-0.10656318,-0.28459048,-0.09984091,-0.24262014,-0.39108843,-0.24662773,-0.15880765,-0.045347363,-0.07564958,-0.045347363,-0.07225409,-0.08424637
-0.050778627,-0.045177814,-0.06052433,-0.8237012,-0.34467858,-0.47484836,-0.02913752,-0.6119586,-0.08023358,-0.07456692,-0.10689271,-0.06853318,-0.48676097,-0.7091311,-0.0010339322,-0.28049025,-0.0017051882,-0.0001175453,-0.5673352,-0.20013729,-0.9273663,-0.6903931,-0.7411663,-0.073051535,-0.67486423,-0.113948286,-0.6586524,-0.9318249,-0.38223502,-0.76087254,-0.65580887,-0.63798094,-0.68678164,-0.80865794,-0.47725126,-0.78525525,-0.38368663,-0.78525525,-0.72677374,-0.5998948
0.079098105,0.14715433,0.22370844,0.19149554,0.17638595,0.032885242,0.038903844,0.18851364,0.1837975,0.073564366,0.11281681,0.09182963,0.05732701,0.14258894,0.015495317,0.17371055,0.18294892,0.029575683,0.077543415,0.11099072,0.14400654,0.116967976,0.17198162,0.15125604,0.15471803,0.15663032,0.14453131,0.162332,0.081814244,0.34889314,0.11818422,0.16558072,0.08879701,0.10259988,0.09605686,0.18943806,0.100109905,0.18943806,0.10169584,0.04691635
-0.01881956,-0.40285024,-0.35748273,-0.10109112,-0.040466733,-0.157893,-0.022704868,-0.12873513,-0.09440719,-0.04501173,-0.031277455,-0.025130125,-0.19704244,-0.22278467,-0.09704446,-0.05837996,-0.057621907,-0.024106354,-0.3597113,-0.2598842,-0.2643623,-0.22796233,-0.17457545,-0.22589335,-0.1703439,-0.08361429,-0.111381814,-0.19996537,-0.10850109,-0.547602,-0.12606402,-0.053287834,-0.3460004,-0.45545968,-0.08295886,-0.29722267,-0.1099212,-0.29722267,-0.481156,-0.42793378
0.006526262,0.19900605,0.24759589,0.78929895,0.018710827,0.0017813526,0.0061556925,0.037488766,0.020313937,0.0037017465,0.004623067,0.0046588653,0.022258697,0.12218138,0.010104919,0.0016043268,0.0019864228,0.0013353109,0.004570136,0.05067851,0.003988854,0.05869259,0.07540745,0.07176152,0.11455251,0.02548224,0.04331519,0.002289912,0.008846513,0.05531858,0.010059571,0.0256826,0.012680534,0.026749598,0.0036220907,0.0023723573,0.00092310837,0.0023723573,0.005301038,0.0035077888
0.0027642704,0.009346007,0.006387028,0.017402297,0.0041713356,0.004753975,0.00029273654,0.0028981578,0.012858144,0.0050538294,0.0050076665,0.0051670442,0.0040332493,0.010850005,0.030307228,0.0021396086,0.008312195,0.01306029,0.0006858828,0.01718194,0.00022534978,0.0038118388,0.0077722487,0.009968071,0.006963582,0.0137052545,0.0024575582,0.00013286056,0.00076739496,0.0005845995,0.001564672,0.0009878383,0.00040097965,0.00067416474,0.001311461,0.001943028,0.0021792762,0.001943028,0.0003946438,0.0004461764
0.00018007947,0.006075869,0.0058176382,0.0010999979,0.13517486,0.0017072074,0.00021578275,0.00038607346,0.0011671858,0.0025766972,0.00017649744,0.00046430153,0.000739887,0.032235265,0.029488774,0.00042850382,0.16042735,0.18201959,0.0005824862,0.0017474773,0.00040415057,0.00012272698,0.0019840763,0.0017460563,0.0005810203,0.0016546771,0.0006838666,0.00036281763,0.07056859,0.042654064,0.010897336,0.021858647,0.005051323,0.0031369713,0.0055339728,0.008255,0.031831875,0.008255,0.23855147,0.12883534
-0.01232977,-0.00040119665,-0.00040056996,-0.006018186,-0.0033284011,-0.004655368,-0.017525613,-0.0063426,-0.0013758147,-0.008586043,-0.010227728,-0.011295986,-0.012031305,-0.016209928,-0.0003675397,-0.0052939504,-0.011874906,-0.007532193,-0.0020102183,-0.0070290524,-0.004365898,-0.0038787622,-0.002853375,-0.0019468906,-0.0029671486,-0.0014547316,-0.008181833,-0.004077575,-0.0026272233,-0.798961,-0.006838248,-0.0120883165,-0.25698337,-0.31151292,-0.020401176,-0.004190393,-0.0019747724,-0.004190393,-0.009527214,-0.009339743
-0.052246675,0.0086115785,0.011024586,-0.77208,0.48612165,-0.20766085,-0.07141142,-0.88346344,-0.7926978,-0.15138906,-0.056801986,-0.067831695,-0.6744741,0.007961197,-0.36427784,-0.42652118,-0.46730667,0.025184734,-0.29341125,0.26949823,-0.17518874,0.15995777,0.18596925,0.35422215,0.05317984,-0.6851234,-0.84502864,-0.15536107,0.4168862,0.4141812,0.3331127,0.43942904,0.5666831,0.54686683,0.23821832,-0.2383558,0.30756372,-0.2383558,0.053745445,0.047092408
0.09217091,-0.46761987,-0.40094262,0.22754687,0.4126744,0.47516975,0.057610855,0.47570494,0.26944667,0.20651834,0.06082966,0.08233645,0.58783853,-0.16358063,-0.35945094,0.54775053,0.6796599,-0.30922702,0.6330126,0.34233555,0.4975105,0.31793785,0.24565133,0.11077439,0.31593907,0.3267344,0.49017793,0.46196386,-0.109985,0.695701,-0.101342015,-0.10577642,0.40524527,0.48670164,-0.20294732,-0.1775005,0.27406552,-0.1775005,-0.08870635,0.046915714
0.19358933,0.6947246,0.69679016,0.50554514,0.70903146,0.24294564,0.2719895,0.5763847,0.5662717,-0.06122848,0.079907864,0.25679645,0.3814952,0.27707103,0.53641105,-0.11104458,-0.7143716,0.44682416,0.05521527,0.4826865,0.28817865,0.63126296,0.59756,0.6564579,0.5703123,0.5881232,0.54178333,0.23574802,0.39107612,0.7460074,0.4392183,0.59422576,0.41224217,0.5312264,0.56171024,0.71287924,0.34238,0.71287924,0.39474195,0.13533343
0.0077778166,0.0019307921,0.0021133323,0.004327021,0.0025113677,0.05515389,0.020251036,0.002159937,0.0017500209,0.009639571,0.007874155,0.007616597,0.0024013703,0.002454878,0.0023215273,0.086468995,0.013614855,0.0019657565,0.0036698808,0.0027649833,0.008622554,0.09579662,0.0060327584,0.0016368361,0.03586936,0.0025659977,0.0021320547,0.0079206135,0.04051531,-0.009308066,0.07843076,0.044004995,0.62903917,0.51867074,0.14676534,0.047727015,0.0045943083,0.047727015,0.0019288663,0.0043260446
0.020196466,0.18219702,0.1671972,0.036139645,0.17496726,0.058023706,0.013173525,0.10869924,0.22170548,0.015023659,0.019826252,0.01577183,0.04095987,0.054680504,0.23050973,0.059373595,0.037648708,0.0683117,0.025685497,0.061843857,0.029797802,0.0004149757,0.004459005,0.24268112,0.0023630331,0.1777369,0.13864128,0.02820141,0.031050904,0.027230619,0.026737396,0.027620863,0.0006460953,9.805769e-05,0.00014690537,0.036372114,0.031020673,0.036372114,0.052648924,0.0932769
0.021016741,0.017347721,0.018416418,0.0013678218,0.00052401493,0.008534585,0.011455043,0.0060772956,0.0046064355,0.004408979,0.012255905,0.05494495,0.0017369358,0.030933443,0.0075472593,0.0013649031,0.001987973,0.0012517584,0.0020399655,0.0024584935,0.0027539334,0.0013552962,0.0016645886,0.011306937,0.0013280716,0.0048269005,0.006232712,0.0024994053,0.002640689,0.031553913,0.0051820474,0.011361798,0.0593365,0.029354941,0.002163022,0.0027603165,0.002634451,0.0027603165,0.0009889646,0.0018882973
-0.012527157,0.00019686935,0.00029247795,1.2729548e-05,0.37338954,-0.0060369736,0.03866842,0.0014381474,6.250354e-06,0.04994696,-0.017628301,-0.013225148,0.0006716536,0.00042206212,-0.13910499,0.0018381567,0.70394194,0.5806909,0.0021969462,0.0007301738,0.00060221535,0.0004553304,0.0002498266,0.0002824989,0.000426957,-5.7913417e-06,0.0010365519,0.00096826255,0.0015759198,0.000381778,0.0025391546,0.0008371321,0.00040957346,0.00018733848,0.00043236229,0.0019060192,0.000997564,0.0019060192,0.012792628,0.018529378
-0.09763621,-0.005264366,-0.0044533974,-0.03758744,-0.0036518292,-0.9585705,-0.27987865,-0.30939147,-0.064258546,-0.0092811175,-0.06053363,-0.07131306,-0.11894369,-0.001349446,-0.029172039,-0.6073329,-0.51181954,-0.0006585638,-0.9283582,-0.0035277493,-0.98688376,-0.0084743155,-0.004054444,-0.0047620353,-0.0080622295,-0.07101091,-0.29819554,-0.9858613,-0.00024469526,-0.0006816074,-0.0022391349,-0.001095907,-7.347872e-05,-4.223219e-05,-0.000102556536,-0.5297573,-0.00054809666,-0.5297573,-0.0006394751,-0.00040710423
0.003745196,-0.14993559,-0.12448205,-0.19137402,0.44610134,-0.34598038,-0.0008036873,-0.20053385,-0.2515094,-0.019819401,-0.00055059296,0.015339758,-0.27419233,-0.27806336,0.26016837,-0.22717144,0.6043691,0.27520254,-0.5394868,-0.094326265,-0.47206584,-0.29850644,-0.2986204,-0.2020972,-0.3581502,-0.25636598,-0.22972926,-0.53490615,-0.10527989,-0.16079609,-0.16187763,-0.24330433,-0.24460053,-0.32242328,-0.5103013,-0.39213985,-0.22169994,-0.39213985,-0.06887092,-0.039472353
-0.0009097478,-0.03187255,-0.033361446,-0.055206824,-0.03364516,-0.03487026,-0.00016013275,-0.023340946,-0.02461898,-0.002891732,-0.0015813893,-0.0015732894,0.002038938,-0.024486713,-0.0040470203,0.03459802,-0.0029939406,-0.008931339,0.081863455,0.0013992311,0.074167736,-0.04807043,-0.0266936,-0.03810182,-0.05879676,-0.031964414,-0.020301448,-0.017220698,-0.00076370395,-0.1428356,0.006301412,-0.015450169,-0.017785689,0.0006573285,0.014775242,0.058970194,-0.003060004,0.058970194,-0.011503599,-0.012555027
-0.27108884,-0.21833637,-0.20596229,-0.32513416,0.1560984,0.019849788,-0.35927838,-0.22937144,-0.1005151,-0.040671308,-0.16060205,-0.2473427,-0.2786938,-0.04655229,-0.037414715,-0.20695782,-0.04340181,0.055150278,-0.069999464,-0.4105684,-0.05640583,-0.2254121,-0.16685311,-0.45189345,-0.24765112,-0.017427176,-0.20775077,-0.0538395,0.078995,-0.17319286,0.1333631,0.035089057,-0.17578276,-0.15397115,0.04171841,-0.04988957,-0.063449465,-0.04988957,0.032481123,-0.011613103
-0.003006747,-0.062593214,-0.06899534,-0.004293319,-0.010959392,-0.0011403821,-0.00014358995,-0.030307569,-0.04664859,-0.0071069854,-0.0065047583,-0.003400939,-0.0044514723,-0.06687252,-0.017395264,-0.0072224657,-0.002614958,-0.01973146,-0.004139967,-0.031342287,-0.02908008,-0.045849595,-0.052935265,-0.08653537,-0.052045044,-0.07065281,-0.029341621,-0.020717377,-0.0010517364,-0.20666662,-0.0039302562,-0.011041355,-0.008905523,-0.019051902,-0.005502203,-0.0058113057,-0.0056112283,-0.0058113057,-0.002877158,-0.0034530705
-0.026756955,0.0079052355,0.010604216,0.05561381,0.003134496,0.038900107,0.01060789,0.012282342,0.030940695,0.03906802,-0.013470959,-0.03792099,0.055927567,0.022168066,0.04143181,0.038998023,0.011905952,0.012791169,0.036826488,0.056150377,0.075726956,0.046386786,0.02382845,0.018222012,0.0508068,0.024898326,0.011905831,0.06791098,0.03870817,-0.00010759526,0.036134228,0.013510375,0.00021261636,-0.0017938981,0.012752761,0.039874155,0.07198341,0.039874155,0.0330237,0.016593784
0.016005442,0.18392494,0.16669427,0.013474732,0.012709389,-0.10871225,0.0022386385,0.0039833426,-0.055200536,-0.038612027,0.031083466,-0.00696023,-0.04094676,-0.11439596,-0.054558765,-0.027927432,-0.14829199,-0.2358654,-0.043515217,-0.0053089126,-0.12966199,-0.16091692,0.11097693,0.114346355,-0.07572615,-0.027155483,0.0799129,-0.18396485,-0.0899667,0.013425932,-0.007603821,0.16142929,0.029201679,-0.1358012,0.02728915,0.02852129,-0.013831175,0.02852129,-0.15782186,-0.1449587
-0.015061353,-0.7164513,-0.72143334,-0.19512965,-0.0008216484,-0.011881903,-0.019285915,-0.53389364,-0.7519954,-0.0016375417,-0.006616729,-0.0066354596,-0.30410028,-0.76344943,-0.71146774,-0.00041823863,-0.79125553,-0.71195817,-0.00011889291,-0.41658598,-0.0014756032,-0.65289783,-0.6707429,-0.6423579,-0.5903839,-0.7480509,-0.4082576,-0.0015204466,-0.004004102,-0.000655182,-0.0014560213,-0.00032967853,-0.0005688285,-0.0015224436,-0.0008760571,-0.00085147296,-0.004940581,-0.00085147296,-0.0018230157,-0.001741533
-0.14222428,-0.22091573,-0.25871417,-0.06174863,0.033351753,0.54821646,-0.21198124,0.06646737,-0.047363613,-0.029009204,-0.07284341,-0.06193487,0.532411,-0.53749883,-0.10694507,0.14632647,0.67796695,-0.17095037,0.67942387,0.24313584,0.73961556,0.21799791,-0.09977593,0.10573791,0.2023022,-0.05346957,0.1275172,0.7084799,-0.09820323,0.4477413,-0.12023382,-0.344254,0.52690136,0.49771678,0.070301875,-0.13295142,0.18931262,-0.13295142,-0.084091604,0.05481605
0.02422026,0.18102233,0.16167547,0.33217406,0.20220062,0.10008314,0.05312915,0.26784042,0.38213632,0.07155855,0.02091334,0.03278879,0.38419878,0.2541049,-0.62463665,0.08502292,0.21156818,0.11513097,0.12533924,0.30667537,0.16211605,0.32039356,0.18228427,0.42261034,0.25440955,0.28110054,0.2599904,0.13774924,0.12798397,0.21660732,0.034560543,-0.0444568,0.1687759,0.1571875,0.1572034,0.026506677,0.12996103,0.026506677,0.2844063,0.20804621
0.009944096,0.06007539,0.059967943,0.07442714,0.04787,-0.06194743,0.0163928,-0.009084107,0.019797746,0.06385328,0.0063836877,0.042254813,0.004462917,-0.12330115,0.0642814,0.18361478,-0.1406733,-0.004117513,-0.081292614,0.07684799,-0.06760854,0.02854744,0.008408948,0.049255375,0.05170821,0.058581606,-0.019264525,-0.07332585,0.044738185,-0.29942378,-0.029864544,-0.07100488,-0.2829793,-0.3259848,0.0728918,0.030161453,0.062816076,0.030161453,-0.011679512,-0.005514938
-0.03412395,-0.00090132054,-0.0007241881,-0.09075641,-0.010791463,-0.027848156,-0.028797228,-0.29140234,-0.249217,-0.00884517,-0.039005116,-0.03752884,-0.012929276,-0.00028091276,-0.23269948,-0.038535725,-0.0006271421,-0.0004109869,-0.004715507,-0.0054049646,-0.033447023,-0.01864991,-0.027633741,-0.016416892,-0.020677172,-0.27973363,-0.29031384,-0.11955733,-0.0024015068,-0.00094261486,-0.008558813,-0.016516251,-0.00023157209,-0.0001206645,-0.0015565138,-0.4931268,-0.00050339394,-0.4931268,-0.00017076891,-0.00022011211
-0.04728858,-0.012499051,-0.009600509,-0.9175772,-0.7464757,-0.9456452,-0.09436525,-0.90625006,-0.9336013,-0.13790551,-0.03902109,-0.038387734,-0.9070222,-0.24994905,-0.87704164,-0.07513249,-0.7263237,-0.08964165,-0.5897578,-0.61389154,-0.89966404,-0.9050445,-0.78751856,-0.7380509,-0.9158784,-0.9031759,-0.86583316,-0.96132797,-0.03798465,-0.066436395,-0.14217256,-0.07556581,-0.231507,-0.30619082,-0.025026485,-0.13657296,-0.04281633,-0.13657296,-0.008859992,-0.006033288
-0.08822614,-0.2438327,-0.2275207,-0.041964192,-0.0686324,-0.07152199,-0.20630911,-0.0130861495,-0.13560694,-0.08840691,-0.046192203,-0.07226753,0.061100006,-0.0666551,-0.048634283,-0.12361513,-0.42611682,-0.0834987,-0.24257407,-0.053681076,-0.06251878,-0.08266279,-0.10969361,-0.19492903,-0.13669175,-0.138434,-0.0020576578,0.03649563,-0.09846568,-0.19694492,-0.057389956,-0.10237652,-0.059600394,-0.042948242,-0.049177274,-0.021413345,-0.09331363,-0.021413345,-0.03907831,-0.035089258
0.013625574,-0.0048914305,-0.0021367886,0.0045015067,0.01991377,0.02576805,0.011081445,0.014853474,0.004360559,0.012651586,0.015575881,0.014713268,0.009532317,0.009054634,-0.0170227,0.016954415,0.005971585,0.009241941,0.05961067,0.0034746951,0.050836314,0.008098648,0.0074944585,0.001170508,0.009675283,0.0036547265,0.012625877,0.056655083,0.0039983597,0.0075268066,0.008301644,0.006819768,0.01079371,0.008828471,0.008943897,0.0048245057,0.0073965974,0.0048245057,0.005851483,0.0042391266
-0.27566838,-0.45195696,-0.5173228,-0.51253635,-0.14013878,-0.1811554,-0.6058149,-0.31576023,-0.14292182,-0.12785344,-0.22350636,-0.1251384,-0.34152415,-0.18403336,0.0060263355,-0.15362416,-0.64663476,-0.181986,-0.10580716,-0.20980632,-0.20904905,-0.4015521,-0.4734851,-0.4410373,-0.50997895,-0.117054515,-0.42634833,-0.26412982,-0.03791946,-0.019996753,-0.049692035,-0.191265,-0.18509698,-0.15749063,-0.0911666,0.07829174,-0.11308601,0.07829174,-0.041475985,-0.034187827
0.08111421,0.0070996466,0.009033042,0.068535976,0.10420752,0.3267588,0.046333637,0.03023747,0.07654273,0.2392574,0.07215191,0.09541508,0.11117623,0.01480303,0.47115213,0.056245722,0.38677588,0.10781817,0.017797029,0.23982507,0.1508008,0.055517178,0.11857139,0.08699034,0.058751483,0.082973525,0.036415618,0.18359347,0.33257142,0.25667307,0.06797082,0.18434854,0.023274561,0.021639995,0.0401336,0.013755358,0.098596506,0.013755358,0.016115148,0.007974349
-0.009772379,0.19840308,0.18717362,0.25457516,-0.067188196,-0.03343698,0.00028234776,-0.003482835,0.007629169,-0.025805874,-0.012769144,-0.021741962,-0.006532375,0.20534891,-0.0089475475,-0.00096971245,-0.060215615,-0.2871613,-0.0051053674,0.010687122,0.0077742757,0.06765004,0.0672976,0.039603513,0.061791986,0.03268233,0.03300916,0.009935023,-0.004888252,0.0049127364,-0.007874752,0.05525245,0.030730095,0.05477765,0.14154482,0.034471344,-0.015827164,0.034471344,-0.21292606,-0.055624533
-0.0025386238,-0.007423215,-0.008121779,-0.017573023,-0.0021338428,-0.0010519376,-0.0013511826,-0.011982025,-0.0068576075,-0.006656128,-0.003747617,-0.0057441345,-0.007712014,-0.0069690896,-0.004069491,-0.002456981,-0.0030457976,-0.0073916577,-0.0018463318,-0.010058652,-0.00089116616,-0.017967798,-0.009920584,-0.005310272,-0.012536195,-0.008988618,-0.009642089,-0.0007310351,-0.011449511,-0.005795654,-0.008462856,-0.006464006,-0.0033638696,-0.0045938264,-0.0064490186,-0.00803377,-0.003485803,-0.00803377,-0.005624646,-0.0071227364
0.0013353024,-0.20109627,-0.1612951,-0.30303615,-0.00011402194,-0.22843312,0.0018064388,-0.116347164,-0.12549202,0.0005199783,0.0008212021,5.5476074e-05,-0.12557858,-0.07676079,-0.45304263,-0.062245183,2.9901055e-06,0.00013575934,-0.048775207,-0.059385467,-0.29512182,-0.16388315,-0.13175745,-0.29132846,-0.1385836,-0.15494083,-0.18920617,-0.2657583,-0.14241736,-0.03064776,-0.06607808,-0.13873377,-0.15357852,-0.114703655,-0.11628064,-0.17988162,-0.061318748,-0.17988162,-0.0044439933,-0.004092724
0.15503879,0.26263818,0.32975635,0.23481195,0.23125035,-0.23923132,0.1133852,0.12647364,0.12872985,0.09257378,0.14306948,0.1325586,0.044508733,0.36581215,-0.037959438,0.5783253,0.4823449,0.14434345,0.10524457,0.2826112,-0.6122846,0.22381249,0.39569205,0.21177089,0.2716567,0.076561235,0.065331504,-0.6611841,0.026141327,0.6638435,0.28065684,0.38498807,0.14233448,0.20573045,0.46795225,0.23363344,0.13314742,0.23363344,0.29667437,0.1824612
-0.10807999,0.0049499907,0.009124035,0.22411793,0.14075392,0.016480155,-0.08305541,0.08485677,0.10864739,0.0822975,-0.10630691,-0.14086537,0.09492584,0.029677652,0.0053928914,0.12822802,-0.6217109,-0.0784998,0.018769888,0.14466558,0.004059237,0.10021589,0.12964189,0.05578574,0.1290453,0.10939995,0.083517104,0.0026341043,0.18712617,0.02095485,0.121988,0.13552687,0.036214687,0.037864193,0.07322644,0.013387948,0.23538682,0.013387948,0.08722491,0.045848608
-0.22423239,-0.27037913,-0.2116721,-0.2070253,-0.10940032,-0.32156032,-0.27770787,-0.14460382,-0.1546063,-0.10413826,-0.19632056,-0.07137434,-0.14041536,-0.08140978,-0.13997887,0.0247511,0.4257115,-0.09739375,-0.29743075,-0.15249243,-0.22125845,-0.12568669,-0.14505139,-0.21132249,-0.12651318,-0.15447773,-0.21082391,-0.2091317,-0.16630355,-0.0038374353,-0.22981271,-0.40493333,-0.2732236,-0.31327304,-0.20896934,-0.006526222,-0.047541607,-0.006526222,-0.18556373,-0.10303931
-0.74707043,-0.78734106,-0.72469723,-0.11434889,-0.0011118732,-0.014089461,-0.81195074,-0.009655195,-0.011754782,-0.12176038,-0.6410554,-0.7013778,-0.11025847,-0.03977916,-0.050911948,-0.007697008,-0.005989018,-0.0019246129,-0.0121848695,-0.3652353,-0.0043097786,-0.08626448,-0.030264838,-0.25339624,-0.047799617,-0.010130948,-0.016197275,-0.004613079,-0.014906722,-0.026089244,-0.0058632465,-0.0034040743,-0.023062315,-0.031552088,-0.030795086,-0.0005881007,-0.016256556,-0.0005881007,-0.0023095552,-0.0026187124
0.0014777196,0.006994013,0.004693043,0.0006328726,0.25005513,0.028235398,0.0011714223,0.0063884077,0.005949144,0.0037664573,0.0021096547,0.0019301736,0.0039808233,0.0036926393,0.17226313,0.0020095352,0.26568803,0.017684866,0.006157645,0.001008229,0.019453885,0.002886545,0.0046643945,0.0027971154,0.0023876082,0.0073302845,0.008792336,0.02723482,0.025650714,0.020539552,0.0049366616,0.034073673,0.010624711,0.008010307,0.0016678671,0.0054927524,0.0061739217,0.0054927524,0.029408762,0.037690703
0.00047398964,-0.14905407,-0.12031833,-0.07284458,-0.010730091,-0.08001849,0.014678544,-0.082594275,-0.24253465,0.062093943,-0.013600615,0.09788917,-0.063362084,-0.19838485,-0.056224838,0.036144476,-0.118381344,0.014470884,-0.23741867,0.037266508,-0.13324586,-0.1420362,-0.15812527,-0.1538495,-0.17706834,-0.23110808,-0.07776105,-0.12868138,0.053936712,0.21129297,-0.026481327,-0.03956607,-0.008402816,-0.030581191,0.098634236,0.04336162,0.08797206,0.04336162,0.0030652646,0.014597723
-0.00060579256,-8.501527e-05,-8.733119e-05,-5.773952e-05,-0.00953378,-0.00059910223,-0.00014297433,-0.00011198543,-1.331969e-05,-0.0132119795,-0.0010310729,-0.006689353,-1.2921324e-05,-0.004704953,-5.6472512e-05,-0.0023102171,-0.00036377163,-0.0013404079,-0.00015681295,-0.00014032921,-0.0023832098,-0.00022484433,-0.0002559619,-3.388668e-05,-0.00016931047,-3.0130066e-05,-0.00011499618,-0.0018233549,-0.28186512,-0.15691647,-0.38847196,-0.4135282,-0.085662946,-0.09908637,-0.3163093,-0.44890705,-0.021473262,-0.44890705,-0.54124486,-0.4035488
-0.0022917327,0.034075078,0.028189024,0.42869592,0.059010208,0.25747672,-0.0028047613,0.11034183,0.097533904,0.0058395374,-0.0034548219,-0.0011557912,0.13843396,0.1317694,-0.15099835,0.1097097,0.005153706,-0.007517992,0.13481355,0.010130549,0.4939952,0.13491629,0.15196618,0.031904973,0.1224989,0.0776781,0.12302308,0.36765826,0.112221904,0.44671166,0.15545174,0.30343533,0.47876507,0.56466025,0.23303705,0.31694978,0.11277235,0.31694978,0.29252565,0.19806004
-0.38057825,0.09533689,0.11800996,0.070027135,-0.09014251,0.07748431,-0.4804028,-0.028252859,0.039792307,-0.03678829,-0.2574874,-0.3385694,0.0067808833,0.037932713,0.05445238,-0.57626104,-0.06914452,-0.08966613,-0.0475235,-0.0042745285,-0.62371945,-0.011371304,-0.06224135,-0.0617919,-0.022065919,0.028092187,-0.035892542,-0.5934872,-0.008998827,0.65339786,-0.058162406,-0.17621292,-0.44023845,-0.07522448,-0.082093626,-0.03197133,-0.045740906,-0.03197133,0.08435322,0.013175027
-0.039544754,-0.3916673,-0.32534334,-0.47192484,-0.43123615,-0.51200676,-0.004114899,-0.28918055,-0.42491814,-0.08711168,-0.056596715,-0.10424791,-0.36329517,-0.40791595,-0.063292556,0.84876204,-0.83663875,-0.35796785,-0.5287927,-0.18590231,-0.90867114,-0.26607144,-0.49113512,-0.4006988,-0.30985093,-0.4264787,-0.38957715,-0.85101414,-0.13359581,-0.713675,-0.3920268,-0.6135784,-0.5369032,-0.5320643,-0.23293255,-0.7494491,-0.15078704,-0.7494491,-0.44508603,-0.316451
0.04022462,-0.03308447,-0.03915916,0.62085456,0.5456253,0.010670265,0.01889836,0.40727854,0.4601879,0.26187378,0.077556506,0.09387322,0.5528669,-0.077741325,-0.06648439,0.42781287,-0.67795646,-0.048703432,-0.26774544,0.54215026,-0.37990507,0.70416105,0.64324397,0.6931481,0.6654724,0.44291487,0.40286648,-0.31270093,0.031341355,-0.6246053,0.21297029,0.35550937,-0.23115149,-0.3421605,0.010187295,0.106846996,0.28736043,0.106846996,-0.13521357,-0.17541362
0.48699284,0.06569609,0.097487465,0.052493773,0.5812573,0.7214115,0.601813,0.09138949,0.05299586,0.7373845,0.5510688,0.41312388,0.19202621,0.21135974,0.19526018,0.6998944,0.25711364,0.24961428,0.37220645,0.31070188,0.59553945,0.095798165,0.15905839,0.23024802,0.06753349,0.09849725,0.16917476,0.58384556,0.47566494,-0.34645554,0.24252462,0.4493232,0.5385684,0.5446536,0.35823882,0.18843329,0.47791043,0.18843329,0.33777866,0.45310527
-0.011678978,0.00018178715,0.00028297893,-0.0005286079,0.0010843418,0.050437436,-0.005980739,-0.000596569,-0.00040649355,0.003529376,-0.010022932,-0.0072775586,-0.0007428364,0.00060014054,0.05188477,0.0012210544,0.009585799,0.0004855368,0.013074764,-0.0007206623,0.01579912,-0.0003555503,-4.607267e-05,0.00018096423,-0.00014087846,-0.0003739905,-0.00044537988,0.022011388,0.0006089836,0.06404193,0.000108110966,0.00029095434,0.0017406079,0.0014434999,0.0045813057,0.001149652,0.0010569125,0.001149652,0.0021789821,0.009439671
-0.1335088,-0.5609767,-0.54228723,-0.85390556,-0.15318981,-0.21970142,-0.21133429,-0.32347497,-0.31644437,-0.04345289,-0.10782002,-0.097352855,-0.36179578,-0.2093539,-0.32126,-0.1561,-0.42748088,-0.2976682,-0.37686482,-0.2942327,-0.12576042,-0.21515913,-0.25494343,-0.3878444,-0.31394628,-0.29685375,-0.347449,-0.1819848,-0.03212097,-0.39227632,-0.12149328,-0.18144622,-0.14994077,-0.25047436,-0.24332216,-0.20456688,-0.08492066,-0.20456688,-0.08992703,-0.11024781
0.12180365,0.14414382,0.17369103,-0.012986597,0.070383206,0.18164976,0.20309392,0.06040626,0.06099543,0.059082527,0.100242846,0.10569728,0.21701646,0.25423926,0.19714063,0.18552822,0.43594596,0.6117098,0.060539447,0.13687553,0.3629519,-0.08646249,-0.059008073,-0.03154264,-0.18110363,0.05368541,0.058462694,0.48714107,0.022043599,0.086612895,0.044875138,-0.009046227,0.027541818,0.18211004,0.02199565,0.050460525,0.05959725,0.050460525,0.1695813,0.2535359
0.004876661,0.0004643166,0.00041590305,0.0022872905,0.0005065401,0.00036311313,-0.0027796621,9.5775365e-05,0.0066740336,0.0018534404,0.007920633,-0.0035343992,3.9967876e-05,0.0010866843,0.76089084,6.574591e-05,2.0419562e-05,0.0015574164,7.268454e-06,0.000800218,4.030128e-05,0.0007028605,0.00095594046,0.0017964792,0.001276058,0.0066474634,9.270014e-05,6.4804066e-05,0.40475178,0.002011244,0.05685945,0.027375726,0.001045465,0.00057471974,0.12397543,0.08976888,0.009116681,0.08976888,0.001488029,0.0026643602
0.026394004,0.14207241,0.09249285,0.2708434,0.32386407,0.11315982,-0.057078686,0.06118375,0.091823585,0.042957257,0.03532673,0.010479331,0.08378551,0.033071283,0.03922078,0.11455467,0.12639017,0.06272854,0.29423034,0.058985207,0.72771585,0.18053652,0.136325,0.1285424,0.2042401,0.080453195,0.06156551,0.5782114,0.10657418,0.1543909,0.19833732,0.24896953,0.19663173,0.17209901,0.28590837,0.2543043,0.0866062,0.2543043,0.11594601,0.117201656
0.007891695,-0.20323768,-0.13419086,-0.12859926,-0.08977484,-0.1648499,0.00489964,-0.17976196,-0.17076574,0.022745142,0.007429824,0.012706611,-0.21916112,0.14867738,-0.43776938,-0.052108224,-0.16795257,-0.29924238,-0.13940996,0.0024318106,-0.35856226,0.058448654,-0.0004558649,-0.18912968,-0.051087372,-0.10535423,-0.14498904,-0.3665209,0.106866404,-0.07208198,0.09619568,0.092504345,-0.27902955,-0.1487942,-0.00021425176,0.12161912,-0.0003231401,0.12161912,0.01925197,0.046256356
0.14731155,-0.0049155876,-0.0005284429,0.015662877,0.023329189,0.03400104,0.09853891,0.02585328,0.04123204,0.096553005,0.14013276,0.11260233,0.019740544,-0.010553548,0.024579875,0.13270277,-0.0014880981,0.13901338,0.014275766,0.033274796,0.14013405,0.056182593,0.05233109,0.032070823,0.061139047,0.05773473,0.025275882,0.20103084,0.04055265,0.02294493,0.03225695,0.042109936,0.15058942,0.14995435,0.036087357,0.03613931,0.028931161,0.03613931,0.060500767,0.069938794
-0.038359556,0.043633606,0.036266986,0.45632887,0.15309374,-0.19163327,-0.033861503,0.11333667,0.25557482,0.039904512,-0.02151693,-0.07989557,0.13210618,0.02197201,-0.49830204,0.065510534,0.23472403,0.04609706,0.016627023,0.0916638,-0.111469,0.22222379,0.14859316,0.28028682,0.25974745,0.25436622,0.12763417,-0.1150967,0.31621826,-0.5548786,0.14466518,0.20693135,-0.02279448,0.053227555,0.20697853,0.090994105,0.1403834,0.090994105,0.078331254,0.05199864
-0.0068551037,-0.10415711,-0.05951324,-0.50103986,-0.047236536,-0.036579788,-0.0021500136,-0.3371339,-0.6464898,-0.0075572454,-0.009610085,-0.015357193,-0.11231757,-0.007854744,-0.5715034,0.0013313773,-0.033290632,-0.10030597,-0.00021557653,-0.11557548,-0.00034409962,-0.35759252,-0.34954694,-0.42824998,-0.4382166,-0.5906758,-0.2447258,-0.00042403533,-6.658288e-05,0.0006084313,-0.0003846968,0.002494521,0.00017762321,0.00043409693,0.0010381679,-0.0018755548,-0.00010070752,-0.0018755548,0.00016660008,0.00020273475
0.0044062496,0.0048487363,0.003879021,0.028455926,0.132404,0.2460022,0.0065175593,0.07126956,0.05974652,0.03507084,-0.00011156939,0.010834633,0.028011734,0.014529138,0.07516141,0.12409002,0.034413077,0.024693964,0.055284016,0.021622686,0.13791664,0.024083767,0.021300834,0.022848282,0.020937718,0.053830728,0.059773594,0.21869223,0.08546138,0.019090753,0.051727638,0.046125505,0.14745401,0.078349724,0.03556,0.08572375,0.0459643,0.08572375,0.05304727,0.010781492
-0.057017528,-0.60402924,-0.5694011,-0.2962053,-0.3738155,-0.11785267,-0.09940994,-0.5784428,-0.38774663,-0.044344768,-0.047470305,-0.11424931,-0.32886258,-0.30853313,-0.038580395,-0.21217868,-0.0009793675,-0.0009347834,-0.045749452,-0.27672496,-0.016043562,-0.46058783,-0.5015735,-0.26804125,-0.45862836,-0.38299325,-0.53867936,-0.023516275,-0.23427303,-0.4758244,-0.26402676,-0.48067006,-0.42012998,-0.6632001,-0.5411573,-0.27974615,-0.16776727,-0.27974615,-0.528817,-0.43742058
0.07864745,0.24613544,0.2654026,0.35707894,0.2182334,0.11112634,0.06332801,0.35985917,0.4099448,0.1290557,0.09276271,0.03391121,0.30387497,0.037216153,0.042151395,0.10446448,0.17979635,0.08818094,0.28148094,0.26523787,0.12987103,0.28767207,0.29723057,0.38427702,0.37453434,0.38568425,0.32842112,0.16435315,-0.0048705824,-0.016918201,0.038940176,0.1319113,-0.067093804,0.011871382,-0.104210325,-0.22637813,0.0055325474,-0.22637813,-0.012729732,0.033654906
8.099076e-06,1.3002337e-06,2.257925e-06,2.1554986e-05,1.6328277e-05,-0.0003343554,1.6612952e-05,1.0795576e-05,1.2110263e-05,0.0001270513,2.14382e-05,1.8570265e-05,7.1820985e-05,0.00040066813,9.0218484e-05,-5.8546666e-05,-0.00022359066,1.4982545e-05,-0.00019392009,3.8328064e-05,-0.003912985,1.2696051e-05,1.5058589e-05,2.8510326e-06,4.8415874e-05,1.4496935e-05,1.0114278e-05,-0.0024714596,1.1914816e-05,0.0002371446,7.497033e-05,2.9033561e-05,0.00033141457,0.0007415489,5.5432687e-05,-6.6231273e-06,8.194854e-05,-6.6231273e-06,1.7929722e-05,4.9683767e-05
-0.14583154,0.7023871,0.71827,0.34273276,0.12712783,0.31075257,-0.22231811,0.21671201,0.20551191,-0.09236067,-0.10624829,-0.24237214,0.48978314,0.19119206,0.7051657,-0.12767352,0.45127884,0.43448707,0.15698466,0.608119,0.33555573,0.46607995,0.24060842,0.64783657,0.39463,0.13874935,0.24797285,0.46118453,-0.0060229064,-0.08980637,-0.012223248,0.0057021463,-0.16162883,-0.092340395,-0.059591692,0.054199252,-0.019949472,0.054199252,-0.03463517,0.02426635
0.010160466,-0.0037683588,-0.0040435563,-0.10317687,-0.03755866,-0.017137596,0.013465287,-0.01989937,-0.016387688,-0.007648645,0.008651668,0.011771948,-0.020171044,-0.05392852,-0.0026724858,-0.035419885,0.018060671,-0.0013602013,0.0020433858,-0.009716271,0.02110171,-0.04225901,-0.032216355,-0.017442707,-0.039118756,-0.0139876865,-0.022704208,0.038104896,-0.026535021,-0.059921224,-0.029204987,-0.038688257,-0.13596764,-0.18267508,-0.041459765,-0.019910313,-0.025228601,-0.019910313,-0.016880061,-0.015431734
0.0014708437,-0.0009281904,-0.0010964798,0.02055781,0.09715517,-0.09307089,0.0015352325,0.011576936,-0.013614522,-0.00018344824,0.00066115847,0.0033881573,0.0025709255,-0.00031328556,0.038741916,0.022933546,0.6335125,0.06888158,-0.041755956,-0.0012364634,0.4268516,-0.0021727337,0.0072615696,-0.00019924124,0.0013895658,-0.014174749,0.013806517,0.46422583,-0.007244369,0.19102953,-0.025453134,3.856025e-05,0.008640409,0.0008147318,-0.077904776,-0.10622458,-0.023831576,-0.10622458,-0.01441492,-0.0075170076
0.00988731,0.0033185056,0.0023992984,0.002184297,0.00047439474,0.0016890302,0.012346827,0.0022557958,0.0010948415,0.0017151012,0.010077234,0.013838675,0.0018116217,0.004675574,0.0010977174,0.0017459985,0.0007356112,0.0010985968,0.00078113494,0.003212499,0.002081045,0.002566116,0.0022917918,0.0026712012,0.0020101448,0.00078056625,0.0019820177,0.0032416394,0.00025144577,0.0052831126,0.0023306184,0.0013392911,0.00088725734,0.0006282112,0.0010616838,0.0039670137,0.00038417583,0.0039670137,0.0013656969,0.0014331792
0.25698477,0.0037620105,-0.037986122,-0.35624188,-0.29517075,-0.41617042,0.32618794,-0.38370812,0.34157303,0.15792227,0.20421487,0.07985428,-0.33166882,-0.21353306,0.71939784,-0.16448195,0.59702283,0.32616657,-0.6165629,-0.018476885,-0.77127945,-0.20114489,-0.49710533,-0.08212946,-0.3205539,0.2812473,-0.5728555,-0.6677319,-0.22000532,-0.5499641,-0.16638923,-0.5775999,-0.39889646,-0.49296635,-0.51610196,-0.28343004,-0.29351142,-0.28343004,-0.31938207,-0.30706996
0.7896621,0.39767706,0.42431897,0.2029713,0.0574924,0.8462587,0.88575554,0.176353,0.08797254,0.18951279,0.652037,0.625875,0.2727393,0.40892017,0.17311282,0.8542663,0.006387441,0.033868767,0.83417815,0.16643026,0.8651839,0.09489425,0.06351609,0.1274168,0.061422378,0.12896211,0.24882157,0.8623062,0.7875621,0.86608565,0.49944386,0.51575804,0.9568934,0.925492,0.6690087,0.554238,0.62540567,0.554238,0.7928932,0.68190813
0.020665422,0.056263346,0.05117415,0.32996297,0.28415084,0.47549477,0.016175503,0.4502208,0.5283524,0.0652881,0.033137076,0.03177394,0.33765316,0.17356469,0.38242722,-1.7550123e-05,0.7338125,0.08014597,0.3486286,0.14916086,0.41867983,0.461042,0.32163092,0.3470944,0.46649536,0.48993444,0.41065615,0.3936014,0.13745485,0.45579615,0.18529545,0.1321155,0.4194534,0.5222925,0.09855988,0.21132125,0.07288572,0.21132125,0.050805517,0.03536796
0.0187454,0.012928097,0.044502806,0.19005929,0.0044929334,-0.047670398,0.0332137,0.17077795,0.109155715,0.07492306,0.022562336,0.020844268,0.13534415,-0.37764257,-0.15701698,0.2700341,-0.2159186,-0.020482419,0.15447953,0.19285376,-0.12713477,0.24319641,0.24687466,0.14702895,0.15490898,0.17547628,0.13373296,-0.12369219,0.04281109,-0.36383536,0.07551531,0.13544701,-0.16717727,-0.26334068,0.28679067,0.18523586,0.27650154,0.18523586,-0.1210351,-0.15323947
-0.35903817,-0.47728434,-0.48870575,0.64787805,0.64106,0.13697132,-0.3966435,0.6178383,0.4211394,-0.11854178,-0.39769727,-0.403694,0.574662,-0.64288646,-0.6011931,0.68045807,0.5882538,0.6549109,-0.24937141,0.10260768,-0.27880108,0.6480581,0.5791455,0.099122375,0.62015164,0.32815346,0.6155277,-0.44895312,0.5349431,0.5790363,-0.1407634,0.08333505,0.28033763,0.5026373,0.6146428,0.5816838,0.529301,0.5816838,0.5993676,0.5328155
-0.06254434,-0.010593028,-0.012841353,-0.0046359994,-0.03085578,-0.005813774,-0.08478966,-0.0059539573,-0.009699623,-0.028435359,-0.026099902,-0.056223124,-0.006896196,-0.018537419,-0.028406765,-0.014293203,-0.020941654,-0.009135248,-0.006712167,-0.01461822,-0.0038787192,-0.017251218,-0.011365329,-0.016262861,-0.011135713,-0.009303958,-0.0052083707,-0.0043594423,-0.015254264,-0.011006995,-0.015482568,-0.012715895,-0.016093664,-0.018290509,-0.0077973576,-0.0063295146,-0.021280805,-0.0063295146,-0.01371025,-0.02135902
-0.087287284,-0.6216982,-0.5975734,-0.2000448,0.1166929,0.041479964,-0.119635545,0.1070251,0.0065414896,-0.2220117,-0.078525245,-0.10746771,0.07238217,-0.39185145,-0.68402934,-0.03928231,0.15812972,-0.5397325,0.06610328,-0.27800205,0.04305706,-0.047356296,-0.03735808,-0.09747997,0.0066327616,0.0082200095,0.16484189,0.04999875,-0.22696173,-0.009769218,0.024361156,-0.0201978,-0.043512516,0.054820232,-0.26532882,0.3555716,-0.05819485,0.3555716,-0.5998614,-0.46522683
-0.24948278,-0.066962674,-0.10345203,-0.02481984,-0.17825371,-0.001982525,-0.47075924,-0.026201822,-0.09353479,-0.16074578,-0.20387676,-0.23624124,-0.02115401,-0.04447419,-0.06059623,-0.20802134,0.007926321,-0.015101063,-0.003592997,-0.110396616,-0.00045847436,-0.22832839,-0.14532527,-0.21719083,-0.20277035,-0.12003657,-0.03318314,-0.00053859135,-0.04266179,-0.03821621,-0.20760088,-0.3258211,-0.24171948,-0.12335851,-0.35454148,-0.18095486,-0.15583795,-0.18095486,-0.06448171,-0.052078538
0.0009517954,0.00017721349,0.00048257827,0.002888584,0.0369072,0.009431706,0.0013852109,0.004111945,0.0005421212,0.0274146,0.0013494776,0.002089336,0.0040490967,0.122924365,0.06733497,0.02421498,-0.17640315,0.22092037,0.057822168,0.0028344877,0.26513636,0.01318702,0.0013165242,0.00014645956,0.004413982,0.0005103291,0.0014329305,0.2735462,-0.008441852,-0.26195303,0.051669225,0.007072986,-0.15361641,-0.07791083,0.103989474,0.21036394,0.022782197,0.21036394,0.20294146,0.10172298
0.06348059,0.94250333,0.9119186,0.86197054,0.31779146,-0.03371699,-0.02987868,0.73182756,0.6979669,0.06633375,0.11120334,-0.026022054,0.76738966,0.48170003,-0.13418415,0.50513065,-0.2067873,0.34674332,0.2699107,0.64190096,-0.011872342,0.8024097,0.6913887,0.7340707,0.77112055,0.6829416,0.77168393,-0.010212645,0.46838582,0.6119619,0.5788117,0.6140458,0.41027188,0.2708992,0.80280244,0.6923622,0.45908594,0.6923622,0.20129031,0.14413856
-0.010166753,0.21703829,0.16074681,-0.02112701,-0.009719797,-0.05529005,-0.00916352,-0.08571589,-0.01143493,0.017974505,-0.014072968,0.017511413,0.04474188,-0.11301815,0.13896206,-0.022531243,0.013604885,0.098253965,0.037310783,0.043433215,-0.11867416,-0.22521819,-0.09142625,0.0039307647,-0.07788666,-0.05817055,-0.1117344,-0.13557987,-0.100094974,-0.097361535,-0.096020386,-0.12305362,-0.4215072,-0.46350124,-0.017548457,0.108465284,0.09965643,0.108465284,-0.08970366,-0.1338838
-0.6494606,-0.15233399,-0.15707874,-0.18154813,-0.028054917,-0.0024013326,-0.80655414,-0.5067161,-0.6233771,-0.26429275,-0.4378356,-0.76363945,-0.04951253,-0.04844963,-0.45099163,-0.078970596,-0.0015793724,-0.16007484,-0.0015489999,-0.35502726,-0.0007149923,-0.09072787,-0.096994564,-0.17662051,-0.18487217,-0.5398036,-0.3103744,-0.0005515616,-0.032114513,-0.0013233107,-0.021470815,-0.014720736,-0.010400174,-0.009369952,-0.004146072,-0.004533599,-0.035708457,-0.004533599,-0.025158288,-0.01217939
0.0104554305,0.31638816,0.34356108,0.31009024,1.9383075e-05,0.5124201,0.015659772,0.15968955,0.17607552,0.0007656422,0.009322938,0.012877277,0.15555024,0.43811867,0.12368985,0.06086218,6.577263e-05,2.123809e-06,0.098600805,0.1401877,0.39361492,0.3642757,0.22430736,0.2906046,0.30911207,0.1716655,0.14978717,0.43740848,0.027703442,0.6668714,0.04709037,0.03271571,0.27271852,0.3415466,0.19114882,0.2102993,0.03246332,0.2102993,0.0018495,0.0016507972
-0.024107926,-0.06857965,-0.07588153,-0.028137576,-0.009141328,-0.01263642,-0.034161475,-0.011319688,-0.024457755,-0.027395293,-0.026124178,-0.01957056,-0.015444074,-0.03761905,-0.0048422944,-0.01615489,-0.023036458,-0.07745199,-0.0035596453,-0.029316317,-0.008057239,-0.01778292,-0.058285516,-0.03011202,-0.042119358,-0.029760594,-0.013905293,-0.004959618,-0.034703888,-0.009471664,-0.05325883,-0.027756263,-0.025575127,-0.012425759,-0.0071454737,-0.021801168,-0.0146268895,-0.021801168,-0.043822374,-0.04568826
0.08597665,0.0071215606,0.008254458,0.13018839,0.3314133,0.18206242,0.12260708,0.061472442,0.12823433,0.08585635,0.080026485,0.0050626453,0.026435949,0.019160556,0.40435663,-0.0007173997,0.63924104,0.13556845,0.03441566,0.027430588,-0.040022064,0.12432942,0.03962553,0.033487264,0.05959074,0.119102016,0.04346122,-0.012305193,0.05946117,0.0027576059,0.036980174,0.035192724,-0.006559019,0.020058248,0.002970447,0.009433839,0.006936977,0.009433839,0.034739632,0.030070132
-0.016107203,0.00011809262,0.0001465206,0.0010058346,0.0022163494,0.22051452,-0.0261808,-0.00018678134,2.502695e-05,-0.0032224767,-0.00978444,-0.007866497,0.4572845,0.0027976339,0.0005755151,0.006717979,0.1483058,0.0003406154,0.5812802,-0.0005063095,0.06362628,0.0017197089,-0.0012803414,-0.0016096042,0.0017019152,-0.00093606627,-0.001774668,0.01127803,0.001664249,-0.096909486,0.23806491,0.023983642,-0.020170707,0.011746616,0.020662012,0.88607377,0.012623264,0.88607377,0.0002328276,0.00021040002
-0.14933579,-0.17531022,-0.25592127,-0.5395803,-0.8375244,-0.13200979,-0.35683575,-0.5164481,-0.7254654,-0.42916748,-0.16964403,-0.08941812,-0.3904888,-0.57037187,0.012548044,-0.39628884,0.033632815,-0.7433256,-0.22691223,-0.5702258,-0.37943977,-0.43750775,-0.50373507,-0.40260842,-0.40521178,-0.7214223,-0.48747706,-0.40226665,-0.33611047,0.3385832,-0.33944958,-0.34828576,0.5595478,0.48142576,-0.26887563,-0.5597614,-0.53911716,-0.5597614,-0.5973135,-0.51160765
-0.0026901278,-0.00020884963,-0.00017737794,-0.00072754483,-0.001020899,-0.00038176257,-0.0027920138,-0.0018468142,-0.0005658517,-0.0017670324,-0.0033103374,-0.0031103194,-0.0012572207,-0.00089170976,-0.00030865043,-0.00046355708,-0.00035514636,-0.0008164113,-0.0003323238,-0.0005491469,-0.0001688787,-0.00077663816,-0.00042568974,-0.00048584884,-0.00071192486,-0.0006989608,-0.0018543819,-9.856937e-05,-0.00029513714,-0.001046291,-0.000177338,-0.000120866935,-0.00013525118,-0.0001459348,-0.00016821979,-8.994192e-05,-0.00030069033,-8.994192e-05,-0.0002814839,-0.0036301457
-0.012706472,-0.4866712,-0.41838846,-0.4119218,-0.26394886,0.012353141,-0.01071992,-0.3821374,-0.3344861,-0.11697525,-0.047026932,-0.031417765,0.051288944,-0.32334068,-0.49497238,0.008822325,0.012372497,-0.21415621,0.027755303,-0.16069032,0.0029383677,-0.2513215,-0.22695608,-0.27228338,-0.26691332,-0.27995643,-0.29565838,0.003984545,-0.099484734,-0.16211873,0.10157596,0.06734235,-0.01781291,-0.057013925,-0.08160433,0.16621092,-0.04510437,0.16621092,-0.2837581,-0.23523994
0.016014999,0.027267821,-0.0061036563,0.34225833,0.22545722,0.04607613,0.013188451,0.055556126,0.11502802,0.15606694,0.02031008,0.019410089,-0.04428759,0.008194505,0.004105282,0.2636467,0.020789636,0.050334908,-0.08728274,0.10632222,-0.14787039,0.120543346,0.21559712,0.1122129,0.15480739,0.12199542,0.06864401,-0.15396504,0.22229601,0.05018723,0.22364558,0.19238596,-0.015158263,-0.02560346,0.29683965,0.19930138,0.3602344,0.19930138,0.24367347,0.21365209
0.0009081886,0.040977564,0.031968713,0.0015983848,0.0001813282,0.006922865,0.00034745358,6.622205e-05,0.0018604491,0.00034188398,0.0010767822,0.0006682198,0.0009606092,0.104265064,0.48031223,0.00020171647,0.0050885673,0.063141555,0.0011557301,0.0006946473,0.0009631403,0.0010878842,0.0013791096,0.0007524743,0.0011461385,0.0021697266,8.127467e-05,0.00072097476,0.0015397628,0.005266336,0.0022291434,0.0012453077,0.030424347,0.08386857,0.0039311177,0.00013780987,0.0019844775,0.00013780987,0.041874383,0.035064377
0.008258973,0.0010621083,0.0013861202,0.00226174,0.00092892814,0.03172137,0.008192501,0.003111597,0.0020499942,0.0038088737,0.009129302,0.009437737,0.007893981,0.011188906,0.0011549605,0.7768893,0.015939744,0.002395902,0.03382369,0.0043368973,0.062224023,0.0015840871,0.0029067656,0.00487242,0.0042414796,0.0024415734,0.0046683815,0.05104058,0.0033203645,0.054067723,0.016214812,0.031317662,0.015475122,0.008482699,0.0045133503,0.020063085,0.00920265,0.020063085,0.0012576602,0.0025100396
0.03941284,0.032427605,0.03127632,0.005960847,0.013699493,0.03452166,-0.009033086,0.016447056,0.014339357,0.015019554,0.03309846,0.023787092,0.016874406,0.053913787,-0.006444229,0.04432975,0.045485314,0.03099806,0.08906499,0.007900574,0.16384082,0.011437683,0.02050569,0.016326116,0.010046321,0.016324548,0.020420548,0.17367157,0.0166026,0.34817526,0.026398355,0.036933854,0.104302935,0.12473941,0.059944276,0.037894648,0.04415434,0.037894648,0.025548276,0.037582424
0.016733013,0.2117542,0.15255247,0.35295486,0.6054643,0.25543958,0.013054188,0.18476409,0.37642768,0.050005678,0.018356133,0.023361519,0.06896984,0.029115314,0.23748796,0.023626773,0.00092036364,-0.00011422603,0.028244993,0.050226007,0.114383675,0.33025828,0.31642494,0.20970052,0.25625834,0.40904707,0.16961178,0.13225634,0.030509176,0.030531012,0.06329209,0.19524877,0.05875434,0.05353472,0.117462814,0.08943769,0.025126398,0.08943769,0.028297352,0.03468771
0.019051798,0.18794584,0.23254663,0.27452826,0.08920856,0.15326361,0.03001331,0.110349454,0.14589347,0.030874338,0.01864335,0.03190077,0.16407195,0.57195777,0.12924904,0.019271744,0.3349255,0.024016405,0.14632651,0.10375337,0.3094558,0.10713054,0.13383143,0.066695794,0.093666,0.1356575,0.10112342,0.18422994,0.054718748,0.03097677,0.10091347,0.122532666,0.082229175,0.10617742,0.1100079,0.14541987,0.0557314,0.14541987,0.054472156,0.04936377
-0.025996698,-0.0728195,-0.069693826,-0.038236443,0.00452929,0.019848913,-0.021252224,-0.0034677738,-0.0041428427,-0.002819528,-0.018399017,-0.008220607,-0.0009953273,-0.0033583995,0.005424976,0.33835897,0.021637764,0.01982776,0.009791039,-0.03487406,0.0055343634,-0.0124592595,-0.040227327,-0.019078119,-0.031710353,-0.003648948,-0.008990823,0.011767085,-0.021499092,-0.038162526,-0.008227185,-0.066164955,0.062942,-0.0027313547,-0.046295322,-3.4435154e-05,0.013468279,-3.4435154e-05,-0.005832367,-0.0036928055
0.0061497246,0.00013892054,0.00016135092,0.003352374,0.0010302687,0.0065712915,0.002470588,0.0023214577,0.0016346624,0.03480783,0.006185829,0.007691822,0.002794152,0.0028439134,0.0010947123,0.010765873,0.35860613,0.37844616,0.00061445415,0.0032636134,0.0009773769,0.0011732104,0.00092135335,0.0013380604,0.0019046337,0.0015450562,0.0036678615,0.0007818692,0.008419352,0.00019212035,0.0031748323,0.00055938645,0.0023017344,0.0010740721,0.0014243298,0.0010150219,0.009167701,0.0010150219,0.0028551882,0.0028502676
-0.016954174,-0.00085191854,-0.0014110735,-0.17827453,-0.025937445,-0.008327554,-0.050257776,-0.011036125,-0.06593129,-0.012452598,-0.009434501,-0.017952144,-0.008828451,-0.0013562626,-0.06367713,-0.0036145162,-0.0027186628,-0.008134987,-0.0003624944,-0.0070952787,-0.00025254503,-0.050768208,-0.039318994,-0.00943363,-0.06851709,-0.07193636,-0.008581076,-0.00019461109,-0.04634272,-0.0057252618,-0.017864726,-0.011035272,-0.0022559639,-0.00217433,-0.008027251,-0.025861327,-0.0057923035,-0.025861327,-0.0040182113,-0.00449509
0.0006921113,-0.022904404,-0.024278125,-0.0006487826,-0.0129053295,-0.0009575271,-0.0026041623,-0.0011835977,-0.002023162,-0.0068811793,0.0004863363,0.0010334965,-0.0008223051,-0.007523604,-0.0032582441,-0.0014440876,0.016689103,-0.16196762,-0.0010463387,-0.0028670763,-0.00052841444,-0.0007513997,-0.0011869345,-0.0014788514,-0.00067518523,-0.0029694906,-0.0012081242,0.000305575,-0.041721564,-0.00014852124,-0.012874198,-0.008555473,-0.0024155679,-0.003752487,-0.009686914,-0.053476356,-0.009892902,-0.053476356,-0.09795756,-0.14924653
0.044703707,0.49954778,0.4027432,0.00038618507,0.14123778,0.48426968,0.019425115,0.09180727,0.16705891,0.03945977,0.06675945,0.045685165,0.0945435,0.096378796,0.09529193,0.14712533,0.48933652,0.1206509,0.69043,0.037999123,0.56853026,0.14122686,0.065887064,0.12699042,0.114991546,0.19726792,0.07895792,0.36276567,0.20109184,0.44662112,0.06377083,0.17526707,0.6344542,0.80361617,0.585965,0.18216527,0.19386196,0.18216527,0.18729837,0.20547138
-0.026507031,0.15880026,0.118695185,-0.1819172,0.05398556,-0.0288569,-0.01669736,-0.103160486,-0.109371796,-0.02898614,-0.037690066,-0.015018473,-0.07317324,0.016867233,-0.20877235,-0.08727123,-0.013988522,-0.056818597,-0.040053923,-0.007549024,-0.027986024,-0.114347436,-0.06445215,0.043674525,-0.06265069,-0.080430165,-0.089128114,-0.005328421,-0.08213031,0.08648742,-0.124466464,-0.15079431,-0.0850432,0.002971741,-0.052324392,-0.08260815,-0.043638907,-0.08260815,-0.029483957,0.025583211
-0.16027598,-0.0425521,-0.05531375,-0.0041185054,-0.0282554,-0.029956656,-0.06167462,-0.004940278,-0.00080843706,-0.14382964,-0.13158818,-0.26791432,-0.015644664,-0.029174285,-0.023257034,-0.21632123,-0.4233991,-0.10793976,-0.0503421,-0.03040605,-0.2089829,-0.011794258,-0.015791463,-0.02218687,-0.008409073,-0.0009963189,-0.0062430054,-0.2653859,-0.21296081,-0.31781384,-0.010246148,-0.0038067712,-0.07415509,-0.02546469,-0.042468134,-0.010681929,-0.05370039,-0.010681929,-0.083538406,-0.100898854
0.086445525,0.92551684,0.88795394,0.16708237,0.07789955,0.042974353,0.088965766,0.30312654,0.15593132,0.0870555,0.14519519,0.08353724,0.0899722,0.06868036,0.13575785,0.08343917,0.015533153,0.15710782,0.5712571,0.07433404,0.68097144,0.057785954,0.054378226,0.11835043,0.034363814,0.17858142,0.31045625,0.72863674,0.11891498,0.023373982,0.16871615,0.19620895,0.036501847,0.021323096,0.25306472,0.84551096,0.08306687,0.84551096,0.74181664,0.54078585
0.048141945,0.77561927,0.6510801,0.10937434,0.010912465,0.05906426,0.068870984,0.010763534,0.12097557,0.011469019,0.04464509,0.05469501,0.052004863,0.1287347,0.05048254,0.003294087,0.13908921,-0.003122527,0.0014660603,0.22702225,0.005521017,0.027693816,0.04043722,0.23357132,0.05150676,0.09484095,0.015463673,0.0054339943,0.009730365,0.011405849,0.0040580607,0.0018044664,0.0043789023,0.0030757359,0.0028152072,0.0046359287,0.011709228,0.0046359287,0.023205284,0.0133049525
0.011638664,0.07434252,0.05406925,-0.2145468,0.348178,0.015280995,0.013928503,-0.14340277,-0.27736866,0.0075883293,0.013295263,0.008245438,-0.06333095,0.03509607,0.025540624,0.057080884,0.00719245,0.023050936,0.02135599,-0.012974068,0.12382149,-0.22004391,-0.21409194,-0.08769557,-0.31982177,-0.25118038,-0.10887362,0.10129191,0.0041775964,0.46252772,0.01923768,0.038198538,0.07464629,0.050182093,0.06781075,0.021462657,0.011654111,0.021462657,0.018431362,0.010339263
0.0017788997,0.003067946,0.003072143,0.0050659603,0.16138788,0.008564682,0.002527081,0.00688842,0.010414603,0.020974733,0.0018092833,0.0018316681,0.012171631,0.0034057563,0.00233898,0.0037786437,0.009817091,0.015075402,0.00814633,0.004328144,0.004716168,0.01428738,0.02440139,0.009666627,0.021523194,0.0082943365,0.006706195,0.0061623603,0.057998754,0.0075353137,0.0030242,0.0059058033,0.0032659036,0.002394246,0.0029527207,0.0031270927,0.06992086,0.0031270927,0.58838975,0.43826133
-0.070433594,-0.48179042,-0.4498378,0.027684782,-0.20379446,-0.19461843,-0.045055896,-0.21829459,-0.1983003,-0.10353685,-0.09311181,-0.11366939,-0.26454714,-0.35470903,-0.08577799,-0.34946194,-0.12975088,-0.038735364,-0.19829975,-0.14520572,-0.107364334,-0.26881862,-0.2539468,-0.2044105,-0.2200815,-0.20997965,-0.27879697,-0.07602396,-0.33628178,-0.3962483,-0.16479261,-0.35692877,-0.15424383,-0.13289654,-0.347121,-0.29708067,-0.2429301,-0.29708067,-0.35984638,-0.20364492
-0.022559388,-0.0009347733,-0.0009575475,-0.0020121771,-0.7888601,-0.0021636146,-0.01360018,-0.0009682241,-0.001863086,-0.009412063,-0.03776373,-0.03315689,-0.0030044706,-0.012487882,-0.0005490287,-0.0023302922,-0.19482161,-0.2057505,-0.0109081995,-0.0033692433,-0.0015616236,-0.00072660844,-0.00054726587,-0.00069236086,-0.0015371339,-0.0018180212,-0.0009664273,-0.0013357024,-0.0017333026,-0.016545843,-0.0020007943,-0.0010507955,-0.0020948988,-0.0029355632,-0.002813496,-0.0017154792,-0.008530978,-0.0017154792,-0.8998772,-0.82747716
0.22661082,-0.3159007,-0.33787656,-0.15338159,0.050619554,0.15404025,0.14843237,-0.15940624,-0.18606582,0.26745242,0.24672295,0.4022344,0.011241105,-0.40355298,0.1745906,0.14509213,0.18477206,-0.5197677,-0.41604158,0.22028072,-0.285502,0.08622376,-0.35610983,-0.05663081,-0.19728947,-0.11203988,-0.12017129,-0.22288978,-0.17838146,-0.58620906,-0.06268489,-0.179333,0.1453146,0.093781985,-0.31447208,-0.5635491,-0.27080828,-0.5635491,-0.568318,-0.5849078
0.12579429,0.36776257,0.3456754,0.3371657,0.6716144,0.4121928,0.13869189,-0.11028655,-0.1301784,0.34025207,-0.010820521,0.21597438,0.49876562,-0.2106872,-0.61933553,0.009284483,0.21616468,-0.34208122,0.8574756,0.30775443,0.7364688,0.47925547,0.40090394,0.3261746,0.25554404,-0.08469383,-0.06507847,0.8158063,0.3844663,0.41884613,0.55396295,0.60134065,0.6773415,0.71110004,0.59152097,0.40623754,0.722689,0.40623754,0.16540654,0.33758283
-0.0044221138,-0.00040386553,-0.00032598048,-0.0017006589,-0.0007923803,-0.22006609,-0.0024714717,-0.007116561,-0.0042482903,-0.0004933514,-0.002435383,-0.004172505,-0.004473776,-0.0010100304,-0.43077764,-0.0011275691,-0.08026513,-0.00031310506,-0.011992596,-0.001427062,-0.09339098,-0.0031376095,-0.0021753898,-0.008126696,-0.0032450203,-0.0032585126,-0.0075988728,-0.06401643,-0.0015564632,-0.011719246,-0.0017401922,-0.0016277691,-0.01607858,-0.0067880508,-0.001345694,-0.0015039059,-0.0017459854,-0.0015039059,-0.00027064027,-0.00040357315
-0.16126767,-0.598707,-0.5009712,-0.09928669,-0.5811084,0.505284,-0.16006835,-0.30098736,-0.3921363,-0.3732811,-0.19454764,-0.15619226,-0.37936425,-0.46048763,0.3806827,-0.45648897,0.47478163,0.26073825,0.45583862,-0.21305324,0.35306898,-0.38599345,-0.47559705,-0.4144618,-0.47277018,-0.45252624,-0.31333014,0.38830143,-0.4006716,-0.32812208,-0.22454128,-0.376133,-0.18010661,-0.22449012,-0.1244883,0.11132237,-0.45814058,0.11132237,-0.015178754,0.23784229
0.022809688,0.012241576,0.011320147,0.0073113507,0.010715947,0.004837732,0.036430016,0.0019889567,0.0067528696,0.008803068,0.011258749,0.0012899878,0.0019284635,0.042393643,0.0065096775,0.012914536,0.004813266,0.0040171184,0.010167164,0.0055973995,0.005646772,0.0032932926,0.0029691579,0.0041833026,0.0068205316,0.00742024,0.0014199227,0.003222221,0.013417733,0.017061213,0.008142263,0.0031726393,0.0016625973,0.0014263531,0.004510421,0.0015694526,0.012632232,0.0015694526,0.016196188,0.0165289
-0.00076792284,0.0039272495,0.013853459,0.23254819,0.71633977,-0.00028199668,-0.0007985619,0.30587947,0.1526428,0.22635068,-0.001060485,-0.00031646583,0.22101657,0.006469272,0.34725535,0.19657113,0.0047077495,0.6670556,-0.0030758025,0.32801172,-0.00016747991,0.5367183,0.33153227,0.043857906,0.32398975,0.15590331,0.17486654,-0.00013018155,0.81473255,0.003597708,0.098487824,0.17466255,0.0010245949,0.0039984197,0.19056366,0.0054588667,0.48470563,0.0054588667,0.72791755,0.61387116
-0.0026116983,-0.00904136,-0.012222532,-0.27882752,-0.0035066237,-0.0043062423,-0.004048317,-0.0015358502,-0.003107726,-0.0013616341,-0.001551609,-0.0044695004,-0.0022697381,-0.059167724,-0.0011255958,-0.0014275175,-0.007307523,-0.0024533067,-0.0012912126,-0.003904073,-0.0020536627,-0.0016145727,-0.002152212,-0.0018544539,-0.002027131,-0.0030494255,-0.0022201084,-0.002982884,-0.0026595532,-0.019247333,-0.0081711095,-0.008659625,-0.00081357744,-0.0008183176,-0.0013966174,-0.0033148094,-0.0013863809,-0.0033148094,-0.0073928856,-0.008406613
-0.000518902,-0.020053025,-0.008732224,0.01176675,0.0037588642,0.021165816,-0.001457833,0.0052615018,0.0064538294,0.0123147685,0.0009825553,0.0038258678,0.020154674,0.0011437332,0.0033581979,0.009293551,0.2794756,0.21844736,0.0023748202,0.007439244,0.0011595833,0.02738795,0.019518184,0.010489632,0.02575619,0.008083653,0.008460989,0.001064975,0.035071243,0.001591366,0.013746778,0.0070852805,0.019417556,0.019871255,0.01560341,0.022125702,0.007642744,0.022125702,0.009277635,0.033711325
0.5920964,0.0007040664,0.00061719975,0.76501566,0.82567704,0.085642554,0.57237947,0.95354146,0.77714616,0.37673488,0.48480642,0.6784354,0.3398107,0.0030850072,0.0004332972,0.37236926,0.005224697,0.00047064558,0.006033797,0.42791232,0.055855133,0.8569045,0.77946174,0.7647118,0.8130741,0.67520463,0.9226834,0.074515685,0.0032494965,0.0031414586,0.42464027,0.4943865,0.0007316481,0.00042189163,0.0065349843,0.93308544,0.021115612,0.93308544,0.00015300451,0.00015258374
0.000408541,-6.9956066e-08,8.311273e-08,3.4365776e-06,1.8714784e-06,3.0056102e-05,0.0003338527,3.7802008e-06,1.1208549e-06,4.2521366e-05,0.00036860228,0.0009159557,1.0346116e-05,0.00010869739,2.0118105e-06,4.600709e-06,5.0837218e-05,1.6026027e-07,1.1312188e-06,6.2804006e-06,1.6476626e-05,6.4987403e-06,4.0958034e-06,2.663717e-06,7.242425e-06,1.2078225e-06,3.7070097e-06,1.4870231e-05,8.155841e-06,0.004807337,7.315057e-06,2.720131e-06,1.4429429e-05,1.4639404e-05,9.630057e-06,-2.063606e-06,1.2132202e-05,-2.063606e-06,4.986054e-07,2.051034e-06
-0.0009763144,-0.0014358643,-0.0030797794,-0.039995033,-0.16252112,-0.08476345,-0.0008373724,-0.0705817,-0.04551248,-0.03191484,-0.0020690807,-0.002162666,-0.10142102,-0.053460557,-0.22967514,-0.042414527,-0.30968598,-0.08219508,-0.11087581,-0.0178955,-0.13526872,-0.0470403,-0.09625265,-0.01588197,-0.07323385,-0.055936873,-0.11509458,-0.12731181,-0.102369174,-0.35672396,-0.08856261,-0.22824867,-0.35099858,-0.42464796,-0.21781369,-0.18456618,-0.097147584,-0.18456618,-0.1471624,-0.10121695
0.0060393885,-0.18118554,-0.15413386,-0.016647676,-0.11073036,0.12143778,0.0055294135,0.03621988,0.018596046,-0.01703523,-0.00011050559,0.012990454,-0.0132405665,-0.20641176,-0.05803918,-0.02616269,0.23194702,0.12484875,-0.063386224,-0.049004346,0.2420443,-0.043139532,-0.008470611,-0.07256361,-0.11742649,0.017627211,0.028165063,0.15370965,0.06513353,-0.023514757,0.018292002,0.0156168565,-0.11172436,-0.0908973,-0.039856486,0.026917228,-0.06650532,0.026917228,-0.13858576,-0.025352849
0.0043941042,-0.05434733,-0.20736764,-0.40875974,-0.6747835,-0.16356924,0.01247393,-0.47356194,-0.4963763,-0.53422344,0.0009567683,0.0051796865,-0.521649,-0.47833082,-0.5128573,-0.19247638,-0.10454388,-0.27001143,-0.091388136,-0.70970213,0.14730611,-0.6194097,-0.62836015,-0.47561085,-0.60432094,-0.5072309,-0.4335171,0.24828854,-0.85959834,-0.025617063,-0.75435376,-0.6833727,-0.34729224,-0.5051158,-0.3958423,-0.23991573,-0.70919585,-0.23991573,-0.50928485,-0.3139164
0.028036918,-0.10943246,-0.13313495,0.24404941,0.092200704,-0.0078025972,0.0117462035,0.039743997,-0.0070024803,0.030129073,0.046440724,-0.0033487747,0.011174216,0.0758145,-0.07710842,0.15969388,0.017349556,-0.022393554,0.016015884,-0.026763335,0.009403261,-0.07600135,0.06609372,-0.017650902,0.062020097,0.0092922095,0.051455107,0.003478426,-0.04159219,0.5757531,0.1901559,0.16179162,0.08592153,0.009167543,0.29880828,0.19134682,0.042891968,0.19134682,-0.20541382,-0.11600128
-0.026951553,0.06874933,0.07861467,0.47130328,0.9053016,0.32848355,-0.009241561,0.37059852,0.5651725,-0.020873599,-0.0763593,-0.022084763,0.26029238,0.2528742,0.9077736,0.30270514,-0.18049404,0.6038922,0.37620056,0.22401626,0.48397675,0.4559566,0.4317675,0.428899,0.47397172,0.4959311,0.3283808,0.31626257,0.39941895,0.15797259,0.23443176,0.31644782,0.38796383,0.42639914,0.22609022,0.14753023,0.32731345,0.14753023,0.55908525,0.37785202
-0.05139717,-0.00249083,-0.002472681,-0.101635136,-0.35208037,-0.06777063,-0.05086001,-0.17872824,-0.09597602,-0.061183102,-0.040648334,-0.065617904,-0.17211246,-0.011482878,-0.051937357,-0.025077349,-0.12213081,-0.011511281,-0.16546027,-0.082513995,-0.014147397,-0.11406161,-0.10186073,-0.0797585,-0.10474508,-0.1165354,-0.20212977,-0.050044876,-0.114400335,-0.26710033,0.43639684,0.4385421,-0.2023687,-0.18704756,-0.1660471,0.7160869,-0.20200382,0.7160869,-0.032471407,-0.028321035
-0.21367824,0.21126251,-0.14752612,-0.82520807,0.36644435,-0.27930793,-0.25282687,0.23507556,-0.04261334,-0.8006956,-0.29182413,-0.3431675,-0.3358244,-0.7065756,0.62476414,0.44953817,-0.37576044,-0.29886895,-0.71892256,-0.4237951,-0.26206642,-0.33905387,-0.009234503,0.19383541,-0.15531531,-0.15821725,0.1217134,-0.2531582,-0.7817931,-0.38783827,-0.67489415,-0.3913164,-0.8311223,-0.81542087,-0.005799974,0.0003363568,-0.79365075,0.0003363568,-0.75671595,-0.6076745
-0.09096311,-0.024865273,-0.024622913,-0.0024125213,0.00067048206,-0.028198237,-0.106845774,-0.029811075,-0.061766107,-0.061303336,-0.06081816,-0.06859225,-0.0134789115,-0.007379059,-0.04237642,0.009873943,-0.105435714,-0.26169112,-0.027726829,-0.017144369,0.007367285,-0.038634025,-0.014119608,-0.032797366,-0.01483638,-0.04929086,-0.019998295,-0.022605509,0.0011009051,0.010434507,-0.018622994,0.000874304,-0.026167993,-0.011248334,0.0016224508,-0.0015524662,0.0038989119,-0.0015524662,-0.008232905,-0.017939929
0.012414833,0.06155889,0.027973989,0.011753428,0.010741601,0.006089321,0.010727787,0.0054076593,0.0033064845,0.009229497,0.020009778,0.02430242,0.0009707374,0.014616835,0.00331678,0.012560525,0.005827126,0.0032254907,0.0026226223,0.0014460593,0.005611686,0.0026000512,0.12842989,0.03152236,0.012093472,0.0050167837,0.0150602,0.0017655266,0.003684096,0.90130097,0.005301945,0.378511,0.16561371,0.064144224,0.12543811,0.008518285,0.0053632506,0.008518285,0.0013263988,0.0020385236
0.032759555,0.057274133,0.06308612,-0.13568975,-0.05916736,0.06162561,0.027873946,0.02144407,-0.03897025,-0.016319333,0.038934775,0.030969772,0.04602262,-0.011560573,-0.4327924,-0.12707897,0.3501044,-0.22796206,0.1193711,0.012635247,0.04545946,-0.028486049,-0.008496165,0.00082885614,-0.026622579,-0.024769273,0.031176696,0.049363386,-0.026756192,0.066420846,-0.03330945,-0.053854838,-0.013369849,-0.033213913,-0.06573622,0.005374775,-0.020925,0.005374775,-0.13391384,-0.14122626
0.07493188,-0.0392876,-0.061138373,0.23000564,0.26603642,0.43000662,0.107414246,0.4167557,0.4474727,0.18178433,0.06973213,0.087429814,0.21653259,0.0037497308,0.25410834,-0.04481924,0.30650774,0.38645783,0.016722018,0.051032335,0.21290891,0.2406223,0.24872215,-0.012477394,0.27877933,0.38041157,0.40456837,0.22247638,0.2984994,0.31595528,0.3516069,0.43240502,-0.010187932,0.056998454,0.35929728,0.18808907,0.46097472,0.18808907,0.43643278,0.008697463
-0.0126403095,0.22841349,0.26589066,0.35478854,0.21400106,-0.8944141,0.019922793,0.36845714,0.48428583,0.36954147,-0.0041539865,0.02483526,0.14786527,0.3033619,0.2075989,0.28312123,-0.9875465,0.6106965,-0.86646074,0.3165663,-0.97859013,0.50667864,0.47296065,0.21686694,0.42429417,0.48719057,0.3134734,-0.9862105,0.61614233,0.03345949,0.47962588,0.5149592,0.10813329,0.17124501,0.48705614,0.5313655,0.37247124,0.5313655,0.42157167,0.18293846
-0.019480038,0.0017532337,0.0027569532,0.002946569,0.64875937,0.019828612,-0.017625446,0.0061401953,0.0031876974,0.015057006,0.019684177,-0.0073249415,0.0057718265,0.31550407,0.0031012157,0.0035151576,0.82909054,0.9074802,0.02103367,0.004721541,0.071344204,0.00354002,0.002431682,0.0045056217,0.0035098616,0.0035540655,0.0068140016,0.037295185,0.0028178298,0.72202903,0.005757473,0.002154909,0.046264894,0.21942213,0.0013058499,0.003098897,0.0035057764,0.003098897,0.59122396,0.7418489
0.3025861,0.04479645,0.06320625,0.04986136,0.14603479,0.08812205,0.550867,0.12577076,0.09754165,0.27550468,0.17222716,0.22603777,0.15016213,0.031917293,0.0012642676,0.0839861,0.11955943,0.039808303,0.026668245,0.11536702,0.2077119,0.1410053,0.23666258,0.13038623,0.15825559,0.10553702,0.12974887,0.4047636,0.041280974,0.48232833,0.03571699,0.10456734,0.026901372,0.042006373,0.011068685,0.019750865,0.04866589,0.019750865,0.011990877,0.029532067
-0.061297245,-0.26225185,-0.18923907,-0.5142386,0.013036101,-0.17918602,-0.09146265,-0.51885,-0.5927889,-0.040944584,-0.06689285,-0.046448383,-0.37563944,-0.29843158,-0.002938666,-0.1335518,-0.012007422,0.003266135,-0.2465247,-0.16648471,-0.14958915,-0.693157,-0.6690124,-0.37219393,-0.69974655,-0.53792685,-0.47208354,-0.0981666,-0.18268855,-0.47140473,-0.24956584,-0.21809323,-0.36941904,-0.363777,-0.43298087,-0.31149647,-0.093263656,-0.31149647,-0.10555402,-0.07982835
0.0009029189,0.14233291,0.0934735,0.015034555,0.010083775,0.004397073,0.0012391435,-0.00230894,0.01660329,0.005444947,0.0016187978,0.000699279,0.026063884,0.0120915985,0.020645041,-0.008025023,-0.08015338,0.018306,0.00935614,0.021971673,1.2393373e-05,0.012843685,0.012072033,0.024758542,0.0073182974,0.02511936,0.0032144333,0.001588649,0.06011159,-0.09733089,0.047503084,0.07709287,-0.009283024,-0.009372502,0.044249013,0.10679235,0.012375262,0.10679235,0.01902393,0.016399859
0.016703488,0.00028590302,0.00033196804,0.014659434,0.27053186,0.0030155191,0.032696538,0.0060347845,0.009318339,0.17723955,0.012671836,0.034640364,0.0023828452,0.002320152,0.009928885,0.0028855728,0.39926657,0.43755078,0.000121332225,0.0063470555,3.953951e-05,0.004378753,0.011229191,0.002872822,0.0059163393,0.010538483,0.0051500467,6.500829e-05,0.0023532694,0.00014942708,0.0025798923,0.0018466554,0.0021804085,0.001017121,0.0012802385,0.0020546357,0.004739922,0.0020546357,0.0011343412,0.0012168485
-0.06723675,-0.7131597,-0.68938917,-0.33867732,-0.79881954,-0.032827914,-0.092960216,-0.75081617,-0.69187295,-0.13899525,-0.06583197,-0.038018595,-0.5630775,-0.59256595,-0.8125295,-0.0015306729,-0.5180338,-0.5603558,-0.1697355,-0.41701573,-0.18889986,-0.004128542,-0.04935747,-0.6373819,-0.00824733,-0.58152705,-0.7160002,-0.18175901,-0.024270935,-0.018740142,-0.00062955916,-0.00074318325,-1.5134604e-05,-2.1585969e-05,-0.0001390114,-0.0013480324,-0.17952125,-0.0013480324,-0.7144455,-0.35832113
0.29794598,0.00072678673,0.0005619784,0.84547395,0.011496,0.74520785,0.325575,0.858387,0.79445255,0.027628219,0.29752326,0.26583382,0.8471144,0.0001145107,0.77235943,0.7532078,0.86742604,3.050484e-05,0.76407653,0.021700254,0.43438992,0.021371102,0.01988916,0.028567286,0.021830762,0.7581132,0.878286,0.5495235,4.065886e-05,0.0031463408,0.008062032,0.009537531,4.4926943e-05,1.11302825e-05,5.2831932e-05,0.9271158,0.00011888431,0.9271158,1.848706e-05,2.676956e-05
-0.0015920748,0.23144132,0.27028444,-0.01159118,0.009338227,0.0002672647,-0.00047451496,0.008889709,0.0009622424,0.004719837,-0.0028676938,-0.0024467069,0.005191967,0.54210347,-0.0030673877,0.009214157,0.03255621,0.4497859,0.016330143,0.005645496,0.03893958,0.052033294,0.035259075,0.026096726,0.045937587,0.0004765336,0.0049103973,0.048936013,0.03408423,0.011752628,0.0073161037,0.0132536115,0.06973587,0.16156815,0.03878114,0.009146042,0.038088854,0.009146042,0.46191022,0.4680621
0.8656977,0.88216275,0.8850476,0.9892425,0.9865977,0.9715987,0.86398995,0.98191786,0.9826123,0.9787491,0.9169359,0.90204996,0.96760535,0.91600245,0.8327169,0.98813224,0.9867485,0.87381256,0.88507074,0.976605,0.9514732,0.9788665,0.9889491,0.9815312,0.972116,0.9869209,0.9867074,0.9565495,0.98790437,0.9498564,0.985183,0.99080896,0.96422625,0.9699654,0.98721945,0.985219,0.98966366,0.985219,0.9350181,0.95680106
0.025987512,0.41170457,0.35404477,0.028725673,0.052020144,0.15943892,0.01837698,0.17798613,0.057066023,0.035650007,0.022441505,0.026367998,0.11342738,0.095926635,0.014040479,0.22957113,0.082260855,0.13423236,0.42070222,0.036406852,0.4011917,0.08765421,0.09219723,0.0817342,0.08984196,0.048265375,0.1781844,0.39243534,0.0445952,0.03798724,0.026898807,0.061952047,0.028501147,0.04714042,0.046613533,0.1985422,0.061121136,0.1985422,0.08190965,0.054292448
-0.043071818,-0.0012774311,-0.0015803031,0.0009925697,0.013093947,0.0031224815,-0.045498032,0.00046828465,0.0023099186,-0.005978505,-0.018496914,-0.023252092,0.0004944918,0.0027883132,0.0004406948,0.0011521982,0.0865924,0.10729143,0.00022501244,0.0021126796,-0.0004149588,0.004576344,0.0039296765,0.0010866504,0.005321467,0.0027572801,5.1920437e-05,0.0026057484,0.0036635706,0.0001096767,0.008561477,0.004070365,0.0027131825,0.0031859027,0.00032351897,0.0077244285,0.0022495047,0.0077244285,-0.002065502,-0.0011423659
-0.011959719,-0.3564052,-0.28327408,-0.20905897,-0.21848819,-0.08904117,-0.017190086,-0.28788912,-0.25032184,-0.16290869,-0.02490938,-0.0036388887,-0.073491804,0.13643457,-0.25098637,-0.36851683,0.19346733,-0.0969491,0.16642322,-0.25409564,0.27936563,-0.37874556,-0.43698007,-0.2534977,-0.37081614,-0.22359708,-0.28666198,0.4722079,-0.2613404,-0.14907742,-0.14918658,-0.31641427,-0.20623434,-0.07747009,-0.019584313,0.30265296,-0.13847612,0.30265296,-0.12690982,-0.120373644
-0.00050386495,-0.29068425,-0.20538291,-0.00022066646,2.6161682e-05,-0.0026537545,-0.00041701886,-0.00023577648,-0.0013978381,-0.0006221517,-0.00030648525,-0.00065293664,-0.00044806334,-0.23271951,-0.0988122,-0.0077343388,-0.028657747,-0.08929896,-1.853286e-05,-0.018155046,-0.0006350352,-0.0075105773,-0.0008948293,-0.011363664,-0.0016405189,-0.002218476,-0.00029106456,-0.002416462,-0.005786734,-0.0015251453,-0.0005775761,-0.00016108392,-0.006482313,-0.0078082266,-0.017396564,-0.0030057528,-0.00912641,-0.0030057528,-0.022247748,-0.018360231
-0.06184937,-0.11836575,-0.11703747,-0.07195098,-0.048225034,-0.035569124,-0.113484174,-0.08907837,-0.117308974,-0.013795341,-0.03335467,-0.03727112,-0.04993412,-0.010321476,-0.05283834,-0.005828976,0.011055291,-0.054173235,-0.012564339,-0.071985155,-0.0116383685,-0.01632493,-0.022126228,-0.1479222,-0.026401658,-0.10271901,-0.11209822,-0.01900307,-0.0006417441,-0.010063274,-0.0023969135,-0.0031759404,4.540358e-05,1.2724376e-05,-0.00017780294,-0.001018042,-0.002629594,-0.001018042,-0.0011990273,0.0009875682
0.10971072,0.41049227,0.3696239,0.07448157,0.4539961,0.160976,0.08539791,0.2879079,0.2961739,0.18081573,0.12765618,0.13944459,0.16680244,0.23074083,0.6333687,-0.7704902,0.28824818,0.39826763,0.20778573,0.1668471,0.31897017,0.1410343,0.099457726,0.31050754,0.11088482,0.2601246,0.28479865,0.31098866,0.33361778,0.24170421,-0.15427567,-0.5040208,0.21412031,0.18864356,0.37899438,-0.029352609,0.31105393,-0.029352609,0.535383,0.352369
-0.06179746,0.21249112,0.24747726,0.16984627,-0.22525132,0.07573475,-0.035265606,0.12673068,0.28468364,-0.26100734,-0.0859204,-0.08930993,0.07166041,-0.0025813794,-0.06960386,-0.39580515,0.47507125,-0.52931994,0.04530069,0.09832616,0.024938222,0.15623762,0.26029548,0.1955104,0.18096225,0.30952725,0.09904219,-0.013863637,-0.043000206,-0.31531003,0.061120898,0.09901961,-0.037465334,-0.02648642,0.054309875,0.3200356,-0.0027433396,0.3200356,-0.055738628,-0.06435378
-0.045543578,-0.07558449,-0.09463975,-0.041145876,-0.15621218,-0.09102454,0.057878647,-0.06796812,-0.027943319,-0.089129515,-0.09153053,-0.12126308,-0.19208871,-0.3819853,-0.02670821,-0.17506266,-0.18579957,-0.07226304,-0.22873387,-0.09657174,-0.11198856,-0.05727803,-0.055741828,-0.07622273,-0.064674854,-0.029291606,-0.08825304,-0.076394804,-0.046643924,-0.27606374,-0.048266057,-0.07320259,-0.417456,-0.4151021,-0.080223694,-0.017908633,-0.09629834,-0.017908633,-0.17930248,-0.15986891
0.1922509,0.2598762,0.2727187,0.31636405,0.0803841,-0.028770288,0.43380046,0.35757834,0.19188875,0.44253075,0.038062952,0.15902361,0.2789351,0.4259784,0.051075503,0.13862576,0.116604514,0.3262064,0.13808732,0.34126967,0.08368005,0.29932615,0.37844592,0.46253532,0.34933838,0.150242,0.36576232,0.15312487,0.10386291,-0.5692158,-0.037039887,-0.28454867,-0.23757328,-0.31745467,-0.17875324,0.20934162,0.03638139,0.20934162,0.037848014,-0.06191076
-0.05490551,0.056617618,0.050711364,0.24730629,0.12745036,-0.039073404,0.07942127,0.2643316,0.13160558,0.25284258,-0.012804912,-0.07907178,0.19598807,0.0078079365,0.3065952,0.5186196,-0.29675624,0.034303986,0.1689019,0.16674569,-0.12763555,0.4067791,0.58836234,0.22495487,0.41383216,0.1464052,0.310011,-0.16579738,0.5757492,-0.9801583,0.52013725,0.7159588,-0.062548794,-0.35384807,0.23121943,0.5253429,0.4330218,0.5253429,0.31976604,0.22328559
0.0035623864,0.23755452,0.2786644,0.07803628,0.50615716,0.08303654,0.0016670506,0.19759496,0.2500147,0.10473508,0.023223864,-0.00017031484,0.2060566,0.41180357,0.30403507,0.016031107,0.21128915,0.27964956,0.12497436,0.284291,0.29919866,5.5059812e-05,0.008842372,0.34992763,0.0014491411,0.17975484,0.22822571,0.35951212,0.024590986,0.017485106,0.016134275,0.020203529,4.83998e-05,7.985473e-05,7.139554e-05,0.02705862,0.17842397,0.02705862,0.5022974,0.25776294
-0.0024789658,-0.0012648971,-0.0012862181,-0.056019608,-0.10584785,-0.012255673,-0.0024067932,-0.05286765,-0.065666385,-0.022969011,-0.0029574146,-0.0028575284,-0.08878523,-0.010681453,-0.25575346,-0.003867832,-0.046006292,-0.0024434528,-0.006310129,-0.03880107,-0.009077837,-0.09602776,-0.043754816,-0.031946763,-0.06868552,-0.056863643,-0.04249786,-0.0032362489,-0.010578134,-0.0014360553,-0.023947917,-0.013078211,-0.110179886,-0.14190969,-0.0020587055,-0.0035120044,-0.017275417,-0.0035120044,-0.015334232,-0.0029496658
-0.06262151,-0.024525028,-0.023653202,-0.022015292,-0.05753604,-0.48565543,-0.13801068,-0.13911334,-0.043457843,-0.087064154,-0.034288332,-0.048725825,-0.10861211,-0.045952015,-0.07187178,-0.0180135,-0.06404133,-0.0028286937,-0.10076651,-0.06710915,-0.42566013,-0.16299233,-0.10063579,-0.12339312,-0.117359385,-0.04242532,-0.13667181,-0.5034201,-0.117883965,-0.015428067,-0.064305626,-0.0472626,-0.1053105,-0.05788879,-0.02728624,-0.07962358,-0.07324581,-0.07962358,-0.0034061584,-0.0026994376
-0.0032608865,-0.6741722,-0.58813864,-0.829318,-0.48878562,-0.25929138,-0.0016290168,-0.7856221,-0.8386402,-0.0931939,-0.007771433,-0.005871379,-0.7565046,0.97767377,-0.33163884,-0.29565307,-0.2985921,-0.20594253,-0.50358784,-0.48533717,-0.20244202,-0.82305074,-0.7398437,-0.5338198,-0.8014176,-0.84037584,-0.7466697,-0.17537433,-0.34783664,0.9508689,-0.6211659,-0.7098989,0.25076923,0.48095688,-0.55164385,-0.784506,-0.32432932,-0.784506,-0.02252846,-0.019989925
0.017742341,0.38756293,0.28524268,0.3731416,0.0034833755,0.33931378,0.0027488426,0.26352003,0.41146085,0.015156121,0.020479243,0.021619424,0.14915898,0.19455557,0.22286884,0.14256015,0.0071562296,0.004774121,0.14050041,0.09646904,0.247606,0.3464721,0.19449611,0.25740138,0.24178767,0.43485332,0.2676401,0.24018797,0.17048159,0.21313468,0.18810278,0.41654754,0.30550414,0.31719443,0.23992765,0.34888065,0.076282464,0.34888065,0.0001686064,5.5559467e-05
-0.013133953,-0.018492494,-0.01646288,-0.007552883,-0.015941188,-0.0046142805,-0.006970086,-0.009040983,-0.006219707,-0.006845025,-0.010268443,-0.017839344,-0.004524691,-0.03456094,-0.0019482743,-0.0037109496,-0.00467885,-0.016391426,-0.0064598797,-0.0051912176,-0.0016349435,-0.006245333,-0.009576231,-0.006096715,-0.008970193,-0.004567213,-0.008293657,-0.0010731346,-0.010267663,-0.01100145,-0.024649365,-0.021995757,-0.012019009,-0.0068908157,-0.008525152,-0.012319931,-0.011851764,-0.012319931,-0.015800355,-0.05948666
-0.021881154,-0.30893165,-0.25968102,-0.104620285,-0.00084905484,-0.16648975,-0.027398115,-0.06444363,-0.2115751,-0.052080434,-0.029359266,-0.012708041,-0.109720156,-0.00022811534,-0.06865161,-0.096173204,-0.002693716,-0.00019551201,-0.31735438,-0.08747523,-0.13055673,-0.13523133,-0.08608921,-0.09003401,-0.083436914,-0.21469028,-0.048058737,-0.091568254,-0.1111095,-6.047314e-05,-0.15892403,-0.17263357,-0.017445091,-0.0022081041,-0.31134048,-0.3262289,-0.11042337,-0.3262289,-0.00033646947,-7.247813e-05
0.03753885,0.2073166,0.20084229,0.09530636,0.0032207216,0.08773897,0.031242717,0.052713588,0.029788963,0.03284328,0.046721265,0.024683146,0.0978095,0.04460779,0.0070503135,0.1472237,0.00025073558,3.5898818e-05,0.52145934,0.07990272,0.81998575,0.061667085,0.06397886,0.0699163,0.03981297,0.027094353,0.06455358,0.70065,0.27956313,0.7574697,0.15109451,0.32009536,0.5297607,0.5545635,0.4359878,0.3462903,0.20471561,0.3462903,0.1048047,0.18010569
-0.0372627,-0.9027665,-0.90362674,-0.89187104,-0.22325672,-0.14049385,0.020740265,-0.48007327,-0.7257737,-0.1308391,-0.059596397,0.00054078497,-0.699865,-0.3303683,-0.64932317,-0.014663958,-0.49813232,-0.41630217,-0.18207785,-0.57932657,-0.019834526,-0.65712523,-0.745099,-0.7706314,-0.7632125,-0.59972817,-0.46590057,-0.033284266,-0.09406555,-0.0002392791,-0.10866701,-0.053441532,-0.0048744427,-0.008767787,-0.004149697,-0.04711693,-0.20966817,-0.04711693,-0.07189679,-0.054658614
0.025147485,0.5532287,0.50852925,0.22110155,-0.2241175,0.49016333,0.017734736,0.038907208,0.21612678,-0.0882089,0.030954558,0.06297262,0.02880593,-0.16834103,0.40041092,0.13725773,0.31642723,-0.75187397,0.5010898,-0.11710918,0.30687785,-0.3503554,-0.14741452,0.022628423,-0.14384066,0.18187201,-0.059537303,0.2670415,-0.7866578,-0.6720969,-0.63327366,-0.8399756,-0.8361747,-0.81514186,-0.63385737,-0.24860539,-0.2129854,-0.24860539,0.6603077,0.68365127
-0.027732298,-0.061061572,-0.040710438,-0.06435192,-0.044381704,-0.11474998,-0.029023297,-0.07381213,-0.110513926,-0.0932491,-0.030772742,-0.031557072,-0.16462618,0.009062471,-0.09514658,-0.048392568,-0.16123311,0.49298546,-0.00015420513,-0.05959698,-0.037176505,-0.083331384,-0.08715589,-0.027996628,-0.07721341,-0.12073752,-0.07010357,-0.059265856,0.0096868295,-0.07031815,-0.075807974,-0.020527799,-0.030778263,-0.047639143,0.01623849,0.09022096,-0.009396977,0.09022096,0.042120047,-0.03699659
0.039736483,0.002908618,0.0032792336,0.047480296,0.008034977,0.21178615,0.054627273,0.119327724,0.036378432,0.027543478,0.04714132,0.032594454,0.049822982,0.015610147,0.025214806,0.36560914,0.035795465,0.0043865317,0.16099817,0.012349844,0.08820299,0.006796154,0.0026554195,0.007090631,0.0045417016,0.036737084,0.10338505,0.07974775,0.0073376535,0.0037778255,0.019764345,0.004528347,0.003520571,0.0023770605,0.005050706,0.40449587,0.012073257,0.40449587,0.007868395,0.007885775
-0.0781826,-0.14457558,-0.15985341,0.17406796,0.12247248,-0.36553067,-0.073864155,-0.12063019,-0.4636515,-0.22263874,-0.054701935,-0.027951138,-0.07035786,-0.5282074,-0.53306854,0.12625583,-0.6209557,-0.52826655,-0.16258906,0.05068324,-0.67685884,-0.398058,0.04323487,0.26692164,-0.21158487,-0.44064322,0.042748556,-0.75389785,-0.47096545,0.81373495,-0.57142633,-0.43395364,-0.17688544,-0.0650405,-0.3999472,-0.7876672,-0.24352027,-0.7876672,-0.5010229,-0.3562878
-0.1005105,-0.0040362407,-0.004754902,-0.1962465,-0.07257405,-0.071416706,-0.035030596,-0.05076682,-0.1231332,-0.064312786,-0.18703596,-0.17358729,-0.016770776,-0.0033917553,-0.07462342,-0.07267586,-0.0055837687,-0.0010324711,-0.023209851,-0.039904837,-0.016534822,-0.021205777,-0.029726908,-0.03366189,-0.024585458,-0.12788086,-0.05060726,-0.017288188,-0.06339547,-0.31087992,-0.040006176,-0.0574895,-0.019332178,-0.011818373,-0.100498766,-0.15557688,-0.016297849,-0.15557688,-0.0030141585,-0.006940077
-0.04214391,-0.5703866,-0.50236845,-0.057971917,0.06036248,0.0130280005,-0.03340564,-0.05048893,-0.037899345,-0.057494372,-0.047691807,-0.03766515,-0.10507969,-0.5583363,0.021567386,-0.06089775,-0.4700503,-0.63330114,-0.40708444,-0.16631438,-0.5158319,-0.119021274,-0.058868363,-0.123223886,-0.10957574,-0.028281821,-0.04217828,-0.29860023,-0.05618483,-0.09986062,-0.085302465,-0.059561074,-0.9446412,-0.99716866,-0.11371971,-0.07416881,-0.1501493,-0.07416881,-0.7195365,-0.57389235
-0.077916026,-0.42215765,-0.5088663,-0.47979674,-0.6298207,-0.3519222,-0.12320846,-0.5250906,-0.6234858,-0.3323852,-0.10163491,-0.048450015,-0.51781905,-0.7067492,-0.7016749,-0.5183772,-0.09731126,-0.19707547,-0.31809178,-0.6415192,-0.16269457,-0.49811998,-0.65064967,-0.6042537,-0.63696283,-0.6107943,-0.56650704,-0.22329478,-0.45510623,-0.8061629,-0.61658436,-0.75901026,-0.89409983,-0.9304866,-0.6240376,-0.45410636,-0.62245595,-0.45410636,-0.6532216,-0.13775268
0.045652524,0.43215868,0.37989342,-0.5912368,-0.5722353,-0.8741267,0.081046894,-0.56400055,-0.3739759,-0.08211655,-0.009540011,0.0034874657,-0.5315353,-0.6138606,0.1778912,-0.3034188,0.25369585,0.35331964,-0.44346756,-0.037040394,-0.430733,-0.5970977,-0.6785257,0.2410122,-0.65406495,-0.46129647,-0.41335365,0.1041447,-0.09634464,-0.75397253,-0.19342709,-0.2526757,-0.7675308,-0.86974245,-0.1971592,-0.18606108,-0.1319292,-0.18606108,-0.24499382,-0.33166343
-0.13249665,-0.005097061,-0.0056365333,-0.045647662,0.0033972615,-0.11972935,-0.092858896,-0.007329106,-0.009881139,-0.0557909,-0.15955535,-0.13869828,-0.034993436,0.008035276,0.038396075,0.052456554,-0.081823684,-0.0011351139,-0.15453741,-0.01695499,-0.13889106,-0.027987072,-0.027049774,-0.009250564,-0.030322438,-0.0108029125,-0.011394621,-0.09750885,0.02919439,-0.02964593,0.0784996,0.12419321,0.12697229,0.05887952,-0.014149873,0.055059627,-0.023056835,0.055059627,0.10406116,0.067216404
-0.018324478,-0.0041805524,-0.0036422717,-0.0008896022,-0.002382423,-0.0024778082,-0.0292569,-0.0010130676,-0.0017425963,-0.0052551744,-0.01163375,-0.024214504,-0.00090507907,-0.00087196357,-0.0072251325,-0.0068154214,-0.0013188873,-0.003646347,-0.00062524574,-0.0017276305,-0.00047998308,-0.0008994138,-0.000876162,-0.0018143868,-0.0012697516,-0.0021809505,-0.0009594155,-0.0004747457,-0.004055054,-0.004188325,-0.001456622,-0.00125243,-0.0009841834,-0.000939965,-0.0016606916,-0.001609082,-0.0038411792,-0.001609082,-0.0019435679,-0.008247093
-0.2529892,-0.010506018,-0.011371588,-0.077108584,-0.55249476,-0.019728567,-0.1627255,-0.11022255,-0.07047409,-0.2723282,-0.29557374,-0.30117127,-0.032115657,-0.04510168,-0.0024181572,-0.05170975,-0.0023061947,-0.013243349,-0.011439324,-0.078649245,-0.011025511,-0.06076207,-0.12191743,-0.061248474,-0.073643945,-0.07067324,-0.11543187,-0.008007433,-0.26543742,-0.61068267,-0.23933265,-0.63722926,-0.07049913,-0.039387822,-0.21458927,-0.14917317,-0.10899531,-0.14917317,-0.099262275,-0.04352274
-0.05204612,-0.20286733,-0.16807231,0.5113137,-0.0011507698,0.15068318,-0.0033686846,0.51409566,0.5960482,-0.2166441,-0.1274921,-0.04309604,0.29911873,-0.018479208,0.67384607,0.09656516,-0.22612986,-0.15166497,0.15945621,0.046591826,0.051734697,0.39423707,0.55796903,0.4178855,0.51598066,0.5541812,0.53196895,0.10516267,-0.4154316,-0.6255855,-0.25978765,-0.46726155,0.16976883,-0.22056462,-0.6056063,-0.39791673,-0.3125412,-0.39791673,-0.25913784,-0.23354954
-0.061461296,-0.1163106,-0.08513096,-0.053589273,-0.056553576,-0.041009042,-0.041849237,-0.046947908,-0.08156899,-0.051239256,-0.04416049,-0.07509378,-0.06803979,-0.05367051,-0.0076076994,-0.026007302,-0.18380302,-0.09879848,-0.09607079,-0.037092265,-0.04492405,-0.08671564,-0.11344554,-0.080481485,-0.10840301,-0.08176152,-0.041178487,-0.07103236,-0.032396164,0.0085018845,-0.03291257,-0.041078582,-0.08036401,-0.06649131,-0.033632457,-0.056858968,-0.034490075,-0.056858968,-0.09852352,-0.09445564
-0.0245314,-0.054146107,-0.07699133,-0.13448364,-0.18568711,-0.08843564,-0.014898108,-0.16960242,-0.24018584,-0.08166493,-0.027891127,-0.04932112,-0.18612833,-0.10625064,-0.043703407,-0.1279076,-0.30480912,-0.0533211,-0.10889117,-0.06925834,-0.030154198,-0.09661185,-0.19754674,-0.051421765,-0.12374239,-0.28338477,-0.16700454,-0.024470925,-0.12861805,-0.11078784,-0.2828581,-0.36225784,-0.08905934,-0.1390759,-0.11494081,-0.1798103,-0.1480618,-0.1798103,-0.22165674,-0.13514104
0.010983467,-0.038716584,-0.043142945,-0.08809296,-0.005861855,0.026406921,0.021729052,-0.035900787,-0.025096314,-0.02593375,0.00945791,0.010000775,-0.043204978,-0.04783519,0.022733686,-0.01171008,0.09171315,-0.014947647,-0.013218929,-0.03602487,0.12612218,-0.018751403,-0.02623938,-0.036987554,-0.020796437,-0.02124006,-0.03249913,0.17389785,-0.006506544,-0.56591827,-0.0077277916,-0.005626716,-0.018894676,-0.024641033,-0.009558464,-0.01791983,-0.0030968667,-0.01791983,-0.0069159823,-0.013207772
0.35241267,0.8033376,0.7843955,0.4646707,0.28213784,0.23689765,0.20013055,0.45026612,0.46092454,0.41365486,0.43472704,0.5061434,0.48018393,-0.05003503,0.31252876,0.24218291,0.049258005,0.23425429,0.19506188,0.649001,0.06126338,0.36001346,0.601727,0.5896396,0.43395376,0.41175693,0.4329215,0.04812762,-0.12398859,-0.08048106,0.24456604,0.11924636,-0.020577807,-0.024716495,0.33880135,0.19504416,0.3591532,0.19504416,0.14226934,0.15923864
0.008593217,-0.003516832,-0.0006184131,0.2580099,0.35034606,0.5276066,0.010533102,0.16637787,0.13869716,0.064868934,0.022275105,0.0099360915,0.20396209,-0.033507723,0.24986254,0.2519034,0.50434506,0.27588353,0.12754197,0.09755032,0.5173191,0.12453621,0.06370729,0.111428946,0.07437534,0.123259015,0.14293286,0.56280303,0.17610204,0.6360834,0.1380726,0.15571456,0.30567402,0.4017429,0.24510631,0.2941969,0.1295458,0.2941969,0.106823415,0.0019920412
0.106574975,0.06953065,0.080216974,0.04099301,0.006567161,0.42015862,0.058722608,0.052385155,0.047585376,0.0642074,0.084257595,0.19160433,0.06986986,0.08393814,0.030345697,0.048436314,-0.615827,-0.04618793,0.4978943,0.01973032,0.4270571,0.021023285,0.020859672,0.04501272,0.015291952,0.05388374,0.060959674,0.42343223,0.0040726853,0.120049216,0.012221773,0.009878742,0.02013052,0.011847984,0.025283488,0.099535175,0.015672272,0.099535175,0.015240013,0.010550647
0.015381762,0.47732383,0.40862304,0.36673763,0.44907317,0.26785594,0.0131917745,0.4218223,0.39013273,0.03371649,0.013635732,0.013808419,0.3008352,0.38683644,0.062126897,0.009184922,0.27090406,0.10250229,0.09621736,0.20369494,0.30289152,0.6705896,0.5038664,0.51093364,0.60224926,0.32852772,0.40752402,0.26879543,0.03969119,0.27802464,0.17557402,0.28111547,0.33984515,0.5543622,0.018095415,0.05872005,0.0131993005,0.05872005,0.025295211,0.026716202
-0.19077928,0.32824084,0.3725126,0.13667059,-0.7871735,-0.44759703,-0.113787435,-0.67234397,-0.54269797,-0.0066260244,-0.3237396,-0.03058203,-0.48771518,0.66337454,0.12659405,-0.04190155,-0.65115786,0.35660625,-0.5687639,-0.4315101,-0.3582477,0.13573116,0.05869916,0.012131044,0.05844262,-0.62079096,-0.6963261,-0.31721216,-0.03963269,-0.6953182,-0.4186905,-0.45257583,-0.07872072,-0.13467607,0.100770935,0.27064183,0.21043885,0.27064183,0.5077332,0.41550532
-0.032570567,-0.49344236,-0.46843985,-0.21955153,0.5305108,0.06011652,-0.040627576,-0.14425853,-0.3653694,-0.29474917,-0.035893686,-0.050224926,-0.17224953,-0.019400476,0.04889863,-0.35554412,0.4884278,0.19814229,-0.2604613,-0.23347566,0.055829346,-0.35481608,-0.25218895,-0.22465563,-0.26290932,-0.36637583,-0.13065733,-0.019992359,-0.17777589,-0.038058195,-0.17789795,-0.15620716,-0.055060495,-0.08542582,-0.37052608,-0.36480677,-0.17244862,-0.36480677,-0.101725064,-0.08488563
-0.0005821423,-0.0022035681,-0.0013752817,-0.0027175052,-0.0042551844,-0.010458363,-0.0011560866,-0.00014457577,0.00017969911,-0.0017721499,-0.0006116117,-0.0009941551,-0.00028398403,-0.004280554,-0.00016673376,-0.01484866,-0.0028061199,-0.0007861107,-0.0022582642,-0.00051836966,-0.0057221083,-0.00043000854,0.00023483296,-0.00023559906,-0.00068632216,0.00026204868,-0.0002362837,-0.0049722255,-0.005431975,-0.004304095,-0.001770361,-0.00095155963,-0.002955961,-0.0016342718,-0.0024723585,-0.0023120162,-0.0035922045,-0.0023120162,-0.01417407,-0.03811218
-0.10139645,0.17462187,0.15196592,-0.22629482,-0.08794458,-0.4605981,-0.09823263,-0.36374244,-0.16756575,-0.113320455,-0.1016336,-0.09229474,-0.08886349,0.12707904,-0.3853196,-0.2798325,-0.251589,0.15783222,-0.61607575,-0.10522822,-0.7360352,-0.10676643,-0.18169045,-0.1315534,-0.1424069,-0.21393901,-0.34257862,-0.7770502,0.0030798295,-0.009668384,0.21689035,0.18698944,-0.07535934,0.04977572,0.2864143,0.27391613,0.12486336,0.27391613,0.19987404,0.16426174
0.037046388,-0.32563135,-0.28702554,-0.2600975,-0.14155036,-0.12117461,0.031210274,-0.2518797,-0.2691097,-0.007192507,0.03821809,0.01806227,-0.30282912,-0.22256857,-0.4831121,-0.22573464,-0.001580552,-0.043471128,-0.14179829,-0.15517065,-0.09888655,-0.45396218,-0.3686789,-0.18047231,-0.4018362,-0.25570387,-0.2542872,-0.11813738,-0.108655035,0.0041857855,-0.118173696,-0.10580754,-0.23168473,-0.18601044,-0.18213011,-0.24826796,-0.24796504,-0.24826796,-0.14640835,-0.09841322
-0.09150547,-0.3534037,-0.33779013,-0.2527919,-0.18154219,-0.19782992,-0.12913676,-0.22561747,-0.27010912,-0.10114629,-0.07022257,-0.10789614,-0.27299532,-0.2980363,-0.32456133,-0.2583385,-0.076493464,-0.09960327,-0.3633512,-0.16085474,-0.24589376,-0.30838916,-0.27170527,-0.2874025,-0.3006696,-0.26303142,-0.2092565,-0.22764988,-0.1916077,-0.51142365,-0.11769908,0.031060718,-0.5116207,-0.5890245,-0.22103302,-0.26047137,-0.2776129,-0.26047137,-0.20389897,-0.20144051
-0.015132801,-0.08218889,-0.07337704,-0.21562931,-0.082220495,-0.15300938,-0.019172017,-0.1491803,-0.16281703,-0.08077703,-0.0144847715,-0.014285881,-0.12432418,-0.11173016,-0.18814057,-0.20590045,-0.2736318,-0.27791548,-0.09023888,-0.053837817,-0.11591219,-0.16207467,-0.16907914,-0.11206132,-0.14890794,-0.1472174,-0.13531233,-0.12306674,-0.005935664,-0.089453965,-0.12987337,-0.20942518,-0.23044395,-0.23833689,-0.17505106,-0.18178408,0.012335426,-0.18178408,-0.028685471,0.07581198
-0.10505357,-0.21916789,-0.12438281,-0.004646818,-0.011214361,-0.0014572402,-0.07523891,-0.008326981,-0.024476064,-0.03669323,-0.06599163,-0.08914287,-0.0074724345,-0.11034278,-0.10149193,-0.0003527003,-0.0865116,-0.2844513,0.00053717836,-0.030344553,0.00018035293,-0.033036176,-0.0151507165,-0.081906505,-0.037722167,-0.017876837,-0.003271935,0.00017947936,-0.005517684,-0.001159489,-0.002111477,-0.0012514482,-0.010327448,-0.016045157,-0.0025835247,-0.00047497207,-0.0021813873,-0.00047497207,-0.0034128844,-0.005065652
0.1386768,-0.023069143,-0.012859244,0.08087671,0.058750145,0.06474823,0.12760094,0.27917072,0.07902379,0.02909371,0.1594787,0.15526262,0.07629103,-0.042312488,-0.12741093,0.06982061,0.13192181,0.038585644,0.09161721,0.071677975,0.08070395,0.18732947,0.15405202,0.13968162,0.12276581,0.13213986,0.26504147,0.09507461,-0.046589665,0.03534029,-0.009489977,0.047002465,0.07204292,0.07332307,0.08719123,-3.7899634e-05,0.039758883,-3.7899634e-05,-0.21256109,-0.2411131
0.008125915,0.00013532079,0.00017187896,0.0008656036,0.000108779954,0.006997855,0.007502398,0.0009025091,0.00061026117,0.0031383613,0.006693208,0.009461648,0.00068543345,0.0007180678,0.00033035895,0.00057092594,0.0010459292,0.00071549194,0.00037182035,0.00081524224,0.0032583475,0.35184845,0.011420043,0.00086172455,0.03481685,0.00091663224,0.0006406143,0.0048574675,0.0033159277,0.00085507985,0.0027809944,0.0015868413,0.57343954,0.70766574,0.18425347,0.0009733144,0.0008114846,0.0009733144,0.000111320005,0.00051310385
-0.048087526,-0.0007101111,-0.0014416417,-0.08042069,-0.1507649,-0.01167767,-0.114098966,-0.17124893,-0.06595165,-0.11473048,-0.039508663,-0.06310957,-0.041303124,-0.010155868,-0.022277266,-0.048899103,-0.010607641,-0.0072985105,-0.022675242,-0.041304108,-0.05696706,-0.3369706,-0.20437346,-0.07559623,-0.36858746,-0.04647509,-0.113965996,-0.03295243,-0.39601392,-0.7236457,-0.053075053,-0.09453011,-0.037298594,-0.039379664,-0.099641375,-0.03905357,-0.023913195,-0.03905357,-0.037148308,-0.039866056
-0.032644514,-0.7488962,-0.7117675,-0.13920125,0.12328971,0.24522163,-0.10911748,-0.19512182,-0.15402494,-0.029090894,-0.050667595,-0.0038728553,-0.20493446,-0.052862823,0.18584734,0.3491371,0.47356015,0.060524225,0.23160155,-0.42558172,0.028635293,0.062222365,0.05914554,-0.43320248,0.017267168,-0.20111182,-0.3370134,0.048582703,-0.19930732,0.105111055,-0.33504716,-0.42131174,-0.06537523,-0.045479164,-0.3547344,-0.49817288,-0.08525713,-0.49817288,-0.11077451,-0.040784948
0.001744867,-9.0999834e-05,-6.959832e-05,0.16648135,0.575033,0.003935755,0.0023884692,0.13873282,0.29979897,0.011517273,0.007562301,0.0012692508,0.0035540957,0.00031973943,0.0030893076,0.018698977,1.26497525e-05,-6.6546185e-05,0.0010788072,0.0069208136,0.00021901239,0.010007214,0.056701813,0.014190424,0.023377916,0.28855613,0.11331557,6.620447e-05,0.006433406,0.066559315,0.13718882,0.3569015,0.0024004432,0.0016768789,0.03223271,0.020715704,0.015235114,0.020715704,0.00046195276,0.00028078124
-0.07976326,-0.0013198748,-0.0022136027,-0.22265056,-0.32711425,-0.11608962,-0.05807079,-0.30137604,-0.14923854,-0.06443215,-0.054429453,-0.0897411,-0.4072489,-0.02756134,-0.00073313323,-0.2638534,-0.06396923,-0.009118135,-0.5990185,-0.15094821,-0.7035581,-0.18822075,-0.21948974,-0.10504659,-0.2200183,-0.12891889,-0.31713402,-0.6283381,-0.04009329,-0.959368,-0.12284056,-0.2300458,-0.24918023,-0.25702262,-0.084652804,-0.036587585,-0.22409992,-0.036587585,-0.05788275,-0.04992923
-0.024628576,-0.13518037,-0.13566566,-0.015395931,-0.06890399,0.145771,-0.022349643,-0.15724391,-0.33234695,-0.04415395,-0.0026870375,-0.029153828,-0.08211201,-0.16724798,-0.28230032,0.17582768,-0.2847939,-0.30123112,0.068014696,-0.10354333,-0.016409563,-0.080376916,-0.1105457,-0.18165748,-0.064463474,-0.32557666,-0.116853364,-0.01700839,0.04889725,0.04794359,0.21972744,0.39331013,0.34110397,0.3134934,0.16244023,0.18336447,-0.036565576,0.18336447,-0.06009574,-0.08215742
-0.00451596,-5.9659644e-05,-5.0900602e-05,-1.5370955e-05,-0.007210822,-3.362198e-05,-0.012395756,-6.7547535e-06,-7.3655297e-06,-0.005185927,-0.0031305018,-0.005980416,-1.3248333e-05,-7.2331245e-06,-1.5544289e-05,-0.009056919,-0.029116152,-0.0031304637,-6.235777e-05,-1.3764944e-05,-0.0002766185,-8.299678e-06,-4.0475734e-06,-7.082755e-06,-1.17022855e-05,-9.709505e-06,-6.716041e-06,-0.00026877545,-0.0007523846,-2.3807253e-05,-1.1409531e-05,-2.9226103e-06,-2.2751667e-06,-1.8826865e-06,-5.8704295e-06,-1.6230553e-05,-0.0023140498,-1.6230553e-05,-0.42008036,-0.3789963
0.0866784,-0.019355336,-0.19625977,-0.09766731,-0.025865173,-0.080019414,0.16645838,-0.3599905,-0.28533164,-0.058905687,0.0826271,0.10592221,-0.3902392,-0.59514725,0.0076650362,-0.4613142,-0.3837873,-0.41269052,-0.3862322,-0.12097351,-0.0938967,-0.45144245,-0.44802368,-0.38527232,-0.35783845,-0.27579662,-0.3357063,-0.08006155,0.14183195,-0.15781637,-0.20398764,-0.12502429,-0.3432509,-0.5263376,-0.04172399,-0.4723273,-0.22535972,-0.4723273,-0.42380723,-0.52249837
0.018811062,0.33618194,0.30065775,0.51135135,0.12700112,0.08991778,-0.02885865,0.25406563,0.44660914,0.08364267,0.062921785,0.03213418,0.2083613,0.087293014,0.77755916,0.0569411,0.04095604,0.3455365,0.03049982,0.23318437,0.093972504,0.35723257,0.39265198,0.44342846,0.4980317,0.38377908,0.18645713,0.07273388,0.02877742,0.13958998,0.040038705,0.023012027,0.036739185,0.03900488,0.020371253,0.021139063,0.022952557,0.021139063,0.035899576,0.067582525
-0.003393694,-0.004055823,-0.0055333553,-0.002571219,-0.018801715,-0.02798102,-0.0071896794,-0.0029500173,0.0013233911,-0.013718353,-0.0019885667,-0.010807394,-0.004269914,-0.09546675,-0.21090394,-0.11595885,-0.045093376,-0.12065367,-0.05034611,0.00019631046,-0.008370362,-0.059708152,-0.028457906,-0.0012678218,-0.03714036,0.001045183,-0.004866133,-0.0039786072,-0.051498026,-0.08673833,-0.014003769,-0.031667,-0.11712457,-0.14105415,-0.52614427,-0.082311794,-0.052203573,-0.082311794,-0.09177641,-0.09041642
0.0040322207,0.028556338,0.04315232,0.09337996,0.0043353396,0.018717093,0.004203662,0.012831884,0.025637347,0.01729192,0.005873697,0.008614846,0.026956616,0.006783246,0.006248087,0.04231352,0.014738267,0.002734631,0.035566226,0.027107632,0.12178676,0.050309505,0.06842004,0.05879472,0.054254062,0.029764105,0.014674772,0.1679853,0.013245391,0.01756636,0.017324705,0.022431467,0.0078020664,0.01039084,0.011757861,0.038581606,0.03136268,0.038581606,0.019307973,0.028185843
-0.030269986,-0.009833074,-0.007331087,-0.012654502,-0.0032890558,-0.01492507,-0.031273127,-0.003192501,-0.003893168,-0.011881673,-0.040656794,-0.029744904,-0.0023295619,-0.0013457143,-0.001602375,-0.2723638,-0.00081905245,-0.003324389,-0.0001807951,-0.0055155163,-0.006670445,-0.008809079,-0.017137572,-0.006385091,-0.013541499,-0.0059086075,-0.0021831861,-0.0075589875,-0.0033717775,-0.021256302,-0.0001385636,-0.0004441897,-0.009016282,-0.015216301,-0.0009997329,-0.00027933338,-0.012382746,-0.00027933338,-0.015601515,-0.031170912
-0.18245068,-0.49299976,-0.48248473,-0.10322663,-0.26756147,-0.2509957,-0.1832826,-0.42240566,-0.21756722,-0.12012431,-0.20647044,-0.15743378,-0.25765556,-0.3666424,-0.36632556,-0.3358442,-0.26130047,-0.13603708,-0.35431653,-0.21153875,-0.45351797,-0.33618283,-0.23073557,-0.3425802,-0.29475352,-0.17508355,-0.36509725,-0.33592913,-0.17999919,-0.20379254,-0.17303005,-0.20577168,-0.45045257,-0.45596763,-0.25570282,-0.33492634,-0.17473574,-0.33492634,-0.4819398,-0.3207158
0.0562678,0.20986381,0.20182626,0.1831975,0.081537,0.19049075,0.13034125,0.23938584,0.21515152,0.14366806,0.0460786,0.04452791,0.29091883,0.15842052,0.1603488,0.11329819,0.16956578,0.15372507,0.033664513,0.17462118,0.05981044,0.31633738,0.23374423,0.16881609,0.23722938,0.15577012,0.22665724,0.05352948,0.15530556,0.0058696894,0.08779404,0.09708109,0.08723404,0.05992553,0.043963794,0.052330554,0.07677429,0.052330554,0.09587116,0.0869469
0.031760044,-0.14601947,-0.11733956,-0.14317088,0.35551962,0.2475574,0.018586522,-0.0006993506,-0.030466463,0.13662365,0.07545441,0.010743517,-0.058463387,-0.3000776,0.82680815,0.070766985,0.00821806,0.18930587,-0.0013353054,0.04651499,0.028704647,-0.010122549,-0.038616534,-0.019973405,-0.03868304,-0.01949493,-0.008298835,0.032950748,0.18241692,-0.15188445,0.19908102,0.09783063,-0.10308895,-0.08328082,0.0681388,0.18223652,0.00078316976,0.18223652,-0.17406057,-0.16789737
0.016203843,0.016635573,0.015881203,0.0049969885,0.35677373,0.028654456,0.02847376,0.05546137,0.057774495,0.34908223,0.019350477,0.02179438,0.023154493,0.030196827,0.27753162,0.0049683372,0.95907915,0.66660184,0.0028098708,0.05113857,0.0022589022,0.018978078,0.016691025,0.05304205,0.017150538,0.043489996,0.03791225,0.0024237225,0.003265035,0.0005794831,0.01095047,0.0031931007,0.0032824527,0.0038605472,0.0025750378,0.007876473,0.009100246,0.007876473,0.0024194678,0.003518145
-0.016753066,-0.015591542,-0.013031205,-0.0062993774,-0.011488212,-0.42723098,-0.010945163,-0.026552722,-0.042728294,-0.00785037,-0.021802818,-0.014335556,-0.054498125,-0.03255702,-0.68866634,-0.0031017475,-0.6562214,-0.023272956,-0.24907051,-0.011801707,-0.18818486,-0.01089065,-0.0068072937,-0.034283742,-0.013358261,-0.030632144,-0.027445145,-0.24255744,-0.003160773,-0.07639134,-0.011340801,-0.005503579,-0.013275082,-0.017255025,-0.009569143,-0.0136962,-0.0038932592,-0.0136962,-0.0034845264,-0.0025627974
-0.2925458,-0.00045883283,-0.000530637,-0.0030751007,-0.016155418,-0.77388906,-0.3840184,-0.010212504,-0.0013362998,-0.14283094,-0.26426938,-0.28104857,-0.07784671,-0.0048034666,-6.258089e-05,-0.29181042,-0.80803376,-0.0003617971,-0.9686342,-0.005414277,-0.9261891,-0.0032276292,-0.0019946399,-0.00068778783,-0.0022105142,-0.0027446998,-0.013075281,-0.90667593,-0.029739821,-0.8514694,-0.025784941,-0.014315003,-0.54243153,-0.5208754,-0.043968115,-0.01151919,-0.06874152,-0.01151919,-0.008008242,-0.013948564
0.7158425,0.9690127,0.9726392,0.73042256,0.16138202,0.86839044,0.6886958,0.8850259,0.9484257,0.48864952,0.7778798,0.6671496,0.8918254,0.72960407,0.9404179,0.97807056,0.16590223,0.84128964,0.79179823,0.9415138,0.9145376,0.894926,0.7926369,0.8954475,0.86289173,0.9570435,0.8930007,0.90702486,0.49405333,0.9435582,0.9361111,0.9228367,0.9466195,0.9634383,0.95335495,0.8990175,0.42677808,0.8990175,0.025057755,0.026420241
0.09036207,0.008918929,0.0077250847,0.00614829,0.0043962686,0.04273508,0.07132641,0.007618203,0.0104359435,0.029160233,0.07438453,0.094801,0.021292428,0.02845853,0.0049461415,0.0045159636,0.027247224,0.015660936,0.009258644,0.012085722,0.0054424927,0.01409426,0.005768104,0.01261158,0.012365584,0.009963776,0.007061127,0.0057851197,0.008243572,0.020551499,0.013027678,0.004242304,0.018107409,0.028848007,0.003925688,0.0046348805,0.0056991265,0.0046348805,0.0063095526,0.010295214
-0.02869974,-0.054739308,-0.062334266,-0.16077256,0.013227069,-0.13528663,-0.028335046,-0.19514892,-0.17626858,-0.014543634,-0.031192359,-0.02659675,-0.15549822,-0.069047,-0.0490962,-0.06533346,0.0748781,0.080263056,-0.21553956,-0.16029257,-0.20608398,-0.18273294,-0.173391,-0.17446889,-0.18632549,-0.19160484,-0.18751305,-0.19033377,-0.16201232,-0.23956421,-0.12880372,-0.14313741,-0.1859266,-0.17179105,-0.15155259,-0.1489743,-0.09998603,-0.1489743,-0.15700455,-0.12101281
-0.31152263,-0.0054228096,-0.013735036,-0.16482246,-0.09378116,-0.22662346,-0.25629342,-0.6321494,-0.16377194,-0.16432042,-0.3828643,-0.42498657,-0.4549943,-0.085771434,-0.0034220177,-0.49459273,-0.1976594,-0.002394248,-0.68315655,-0.19005506,-0.4697678,-0.23316285,-0.47104138,-0.16487399,-0.30242178,-0.17407101,-0.70598614,-0.5788404,-0.022728471,0.8204253,-0.030887473,-0.08620021,0.06505253,0.081249304,-0.052541062,-0.04690624,-0.15898962,-0.04690624,-0.074504554,-0.09744338
0.03893044,0.32191607,0.2076188,0.0077527133,0.00065910176,0.00057810877,0.0837631,0.00052200584,0.001702625,0.0039125234,0.019805377,0.06654627,0.0006304772,0.004481413,0.041746076,0.0005521192,0.00023483198,0.007950505,0.00013294708,0.010118574,0.00030294788,0.0013247507,0.0014992408,0.012936577,0.0025149584,0.0017024481,0.00067814253,0.00053913175,0.00064861943,0.0083097955,0.00042803172,0.00032993098,0.002839275,0.003555146,0.0007617867,0.00033349617,0.00032227804,0.00033349617,0.00020672215,0.00021910678
0.005294563,0.00991935,-0.022233535,-0.045372535,-0.14125381,-0.034438897,0.014806217,-0.16338804,-0.1255483,-0.046632998,0.011919851,0.014969095,-0.06432745,0.21721476,-0.15679206,-0.055384904,-0.03432106,-0.120350674,-0.10957992,-0.07609945,-0.28148153,-0.08858875,-0.059835657,0.021567365,-0.0010679223,-0.09480639,-0.09652905,-0.35995266,-0.17206419,0.22106346,-0.25667077,-0.16564482,0.17579465,0.11417832,0.09109858,-0.13112716,-0.06634638,-0.13112716,-0.17659855,-0.11666785
-0.061526332,-0.043419905,-0.030179933,-0.55041856,-0.362231,-0.061638065,-0.034391515,-0.29028383,-0.21538259,-0.07744498,-0.05747624,-0.0633692,-0.27578002,0.0056801657,-0.17179714,-0.06349542,-0.091458134,0.011828624,-0.0779717,-0.11370626,-0.052195534,-0.2265294,-0.6038313,-0.4364245,-0.38314408,-0.28383663,-0.49528387,-0.04239729,-0.03497654,-0.10180852,-0.106106006,-0.2534011,-0.14421487,-0.14079283,-0.09163264,-0.19482505,-0.059805714,-0.19482505,-0.012229844,-0.0023533877
-0.0015862025,-0.005440515,-0.0070780655,-0.06703197,0.7784288,-0.069137126,-0.0008727759,-0.13091557,-0.13651355,-0.030485332,-0.0020771422,-0.0034518328,-0.07606559,-0.04028412,-0.03214061,-0.16201128,-0.101924114,0.5051242,-0.117539994,-0.04211736,-0.18141057,-0.21357198,-0.17643742,-0.05873553,-0.17347656,-0.12075289,-0.105349936,-0.18068178,-0.053110506,-0.02917294,-0.10298353,-0.112973526,-0.13816069,-0.15520285,-0.09597925,-0.10750802,-0.06746912,-0.10750802,-0.07342939,-0.03410825
-0.03072125,0.051658504,0.054523643,0.07688524,7.077215e-05,-0.28529012,0.017572684,0.07390272,0.00647474,0.007163903,0.006717878,-0.05659345,0.050333064,-0.13072273,-0.34245718,0.061567754,-0.2924123,-0.011205465,-0.011188533,0.059024896,-0.26262158,0.021762175,0.024759635,0.009846879,0.032392994,0.0047182073,0.07410657,-0.30498558,0.0019353931,-0.39198485,0.051575933,0.039408762,-0.2748694,-0.28805304,-0.015843071,0.04814644,0.050022434,0.04814644,0.011072375,-0.06422356
0.039272424,0.17328258,0.1733795,0.051496994,0.15547143,0.24458489,0.01896796,0.08315197,0.06557546,0.11315704,0.059434652,0.052279323,0.21612939,0.16656944,0.15004642,0.1374834,0.29248473,0.110870495,0.30389535,0.12956862,0.22863477,0.10056877,0.096879184,0.120956324,0.10521372,0.08678947,0.11240836,0.16947341,0.21012355,0.3661891,0.12279887,0.1497173,0.2688192,0.2921238,0.26268542,0.15754111,0.20448436,0.15754111,0.116498806,0.11150985
-0.010656963,-0.021752292,-0.029740464,-0.08149338,-0.07692517,-0.0739564,-0.010213927,-0.04331032,-0.036454644,-0.028602328,-0.011970088,-0.016997518,-0.03647344,-0.022506623,-0.008453198,-0.0894075,-0.22954565,-0.023898156,-0.03373381,-0.04562868,-0.01578685,-0.04389862,-0.057223767,-0.067189746,-0.049959753,-0.046001393,-0.057638105,-0.01248963,-0.017082505,-0.10819562,-0.032229166,-0.050268363,-0.07751297,-0.037897397,-0.03203308,-0.021000821,-0.021987991,-0.021000821,-0.01589753,-0.027705489
0.11101679,0.5884998,0.6163736,0.86468226,-0.28140557,-0.07601417,0.14861818,0.65752006,0.50601953,0.11304123,0.14562818,0.084364146,0.6403054,0.40688938,0.13379164,0.5413833,-0.15518348,-0.3001836,0.43080518,0.59568965,0.22401431,0.66148555,0.66948557,0.5193118,0.6917818,0.466734,0.6451143,0.2597571,0.10853147,0.17299183,0.21720539,0.4125661,0.08447747,0.10417213,0.4695271,0.5640429,0.18016075,0.5640429,0.30651975,0.25337797
-0.009226563,-0.6529337,-0.50251484,0.040995277,-0.11025693,-0.058850978,0.003557329,-0.0072936895,0.015589976,-0.011312057,-0.011203279,-0.044361193,-0.022282908,-0.024123685,-0.15126987,0.44176674,-0.10831802,-0.09835833,-0.07270303,-0.011862094,-0.082630634,0.036908157,-0.001869755,-0.01814656,0.014412438,0.0070780977,-0.011646345,-0.07494482,0.093382835,-0.059117824,-0.0009213293,-0.011543137,-0.055128403,-0.067702204,0.012773913,-0.024314182,0.06872004,-0.024314182,-0.06472293,-0.07799844
-0.018546598,-0.60263616,-0.59331024,-0.6189876,-0.6814466,-0.015957098,-0.007174991,-0.4166736,-0.6488403,-0.4666823,-0.046179537,-0.029387495,-0.37265468,-0.42309147,-0.11308791,-0.28901362,0.11983664,-0.25286382,-0.18452384,-0.4419339,-0.07322089,-0.7023756,-0.7030302,-0.62846804,-0.6405347,-0.640699,-0.39056724,-0.064914316,-0.6106042,-0.5587641,-0.74570256,-0.857759,-0.6372955,-0.6653503,-0.5579123,-0.646685,-0.41327864,-0.646685,-0.60544086,-0.51085746
-0.044501558,-0.0012361006,-0.0015727308,-0.0024675336,-0.06506174,-0.19141354,-0.063543595,-0.0071002394,-0.0104215965,-0.04761089,-0.04356434,-0.029212398,-0.008939851,-0.0039705858,-0.0032253833,-0.053748094,-0.28688788,-0.011752285,-0.05285695,-0.005070825,-0.1762744,-0.01580468,-0.009104904,-0.0043661757,-0.008816677,-0.01900169,-0.008661684,-0.29108936,-0.055663712,-0.05829326,-0.023971867,-0.032873366,-0.055051222,-0.065491304,-0.034776933,-0.017246664,-0.037637353,-0.017246664,-0.016834145,-0.018282142
0.096473336,0.24491687,0.26082078,0.28833643,-0.5201437,0.16226678,0.11015624,0.23686515,0.28016245,0.21739775,0.11015129,0.079378515,0.23278809,-0.06592048,0.28088814,0.30484477,-0.35108325,-0.5830954,0.19055589,0.2264034,0.13069235,0.25818443,0.28324237,0.2565121,0.26147345,0.2570873,0.21221823,0.120509215,0.25130942,-0.01838768,0.22749439,0.26588687,0.14751272,0.034826953,0.31353867,0.26850915,0.23823087,0.26850915,-0.8255465,-0.7729704
0.016570382,0.1984296,0.1903049,0.24145202,0.35707316,0.4582455,0.019149404,0.11486315,0.13612412,0.09039029,0.025515491,-1.9004192e-05,0.2157942,0.1250534,0.07000746,0.121121645,0.62023884,0.25213376,0.16272533,0.15991642,0.42796975,0.12205797,0.20205532,0.11595261,0.17574093,0.12766068,0.13803487,0.41740555,0.09110347,0.04338041,0.25173768,0.2336672,0.017899444,0.028723046,0.15384652,0.42190248,0.1769635,0.42190248,0.24199925,0.2761572
0.085969076,0.035201944,0.055821948,-0.0099670915,0.011654891,-0.008392666,-0.11561917,-0.05162559,0.1113961,0.1912829,0.15597326,0.22064722,-0.16299395,0.12080136,0.15397376,0.015535844,0.6531036,0.13756722,-0.14746316,-0.043011133,-0.14430518,-0.047575075,-0.008284623,-0.057472657,-0.06273289,0.11554858,-0.09685337,-0.15811802,0.45940033,0.024161285,0.14692773,0.16760527,0.015269538,0.02454226,0.13210228,0.6342636,0.12031979,0.6342636,0.39825168,0.27191246
-0.63012743,-0.030648224,-0.03425319,-0.94571406,-0.9138608,-0.055272505,-0.74477184,-0.9813249,-0.91097933,-0.6256236,-0.5591459,-0.61933,-0.6141139,-0.1632935,-0.013097123,-0.73146653,-0.0068638953,-0.010840393,-0.02446748,-0.85475713,-0.055787377,-0.9426504,-0.9257066,-0.94306195,-0.94039327,-0.86907095,-0.9608827,-0.06712469,-0.009515195,-0.0001753137,-0.07007949,-0.0927663,-0.0048246644,-0.0036510963,-0.006502882,-0.06754665,-0.10892851,-0.06754665,-0.0060149436,-0.0025341867
-0.023949593,8.514071e-05,0.00012698447,-0.01059942,-0.002275773,-0.0031677706,-0.0132051995,-0.002059129,-0.0056377086,-0.010245689,-0.016493268,-0.046687666,-0.0009138882,-0.0010282177,-0.0056647304,-0.0022807082,-0.008002926,-0.00234791,-4.0442417e-05,-0.0022546726,-6.663735e-05,-0.0076592783,-0.00385642,-0.0012705376,-0.0056070033,-0.010496836,-0.0022211622,-9.5136646e-05,-0.0024026758,-0.0011816582,-0.008435275,-0.0046075494,-0.0028418018,-0.001912272,-0.0038065356,-0.0032464152,-0.0038254843,-0.0032464152,-0.00046287995,-0.00056878163
0.19528688,0.06843833,0.090907864,0.62788117,0.5499399,0.002354823,0.07141937,0.52034426,0.5229126,0.23110189,0.16489673,0.2198371,0.19235303,0.55257523,0.080898054,0.0012670985,0.0012780052,0.6072014,0.00040712804,0.2761508,0.00016779524,0.856849,0.85069853,0.62850463,0.87466717,0.41473404,0.40432805,0.00013449661,0.08975394,0.31543177,0.2939992,0.35637268,0.3510937,0.6176225,0.09867138,0.06925793,0.1132473,0.06925793,0.29841763,0.32380274
0.0018465712,0.74350786,0.62640965,-0.05165456,-0.07864095,-0.21669765,0.0015309193,-0.06079053,-0.0994523,-0.0061723012,0.005361708,0.0002708389,-0.10506682,0.35322055,0.9653279,-0.18505889,-0.39664608,0.41766977,-0.07066736,-0.052774537,-0.15532099,-0.012441722,-0.015700748,-0.03594116,-0.013382349,-0.092318974,-0.061656535,-0.12343448,-0.08734338,-0.017597843,-0.06955615,-0.025475629,-0.0013521293,0.012285352,0.01622605,-0.042411115,-0.03551416,-0.042411115,0.4498273,0.121964335
0.2122874,0.03739487,0.045472723,0.30983403,0.22943348,0.21527274,0.18263288,0.19114792,0.24577041,0.2862793,0.30123806,0.22151329,0.19881758,0.22967085,0.17996521,0.2553653,0.2398502,0.26297224,0.030462138,0.15731503,0.0979366,0.23598976,0.14884068,0.16157427,0.22252218,0.24692324,0.1813785,0.08493519,0.35721338,0.2136932,0.38559115,0.23398687,0.36771056,0.5657334,0.65550566,0.74394053,0.33557582,0.74394053,0.25510603,0.26596022
-0.051865567,-0.00094485184,-0.0008492701,-0.041685566,-0.014316277,-0.015988607,-0.072805986,-0.016993359,-0.01609264,-0.036292702,-0.035989836,-0.08945032,-0.009666476,-0.009009151,-0.09819245,-0.0021961955,-0.1568519,-0.05993094,-0.00056148507,-0.0057080216,-0.0007742323,-0.013480216,-0.008384179,-0.0035432486,-0.012584035,-0.015209211,-0.011750397,-0.0024786226,-0.009475539,-0.0034012955,-0.008003195,-0.0024441695,-0.0017594431,-0.0023908922,-0.0011290668,-0.0070605744,-0.002519963,-0.0070605744,-0.0004925496,-0.000902626
0.085283674,0.0001519638,0.00024477192,0.028908694,0.0075145126,0.45469582,0.101129174,0.016703714,0.011081626,0.03166394,0.036973447,0.059207376,0.011543924,0.004633588,0.17530972,0.021518644,0.2755838,0.0031541206,0.22581898,0.00840448,0.58699477,0.0071448674,0.011640395,0.0072794803,0.009156412,0.009021867,0.01620136,0.5738936,0.009038795,0.007327703,0.011135078,0.009970046,0.048833147,0.039120406,0.002708283,0.0030379335,0.0056787515,0.0030379335,0.0009138049,0.001941454
0.0015887262,0.00041620998,0.00041414148,-0.00094236,2.782734e-05,-8.186019e-05,0.0019322241,-0.00013247604,-0.00043691084,0.00034908825,0.0004327479,0.0015697515,-7.1115144e-05,0.0017906681,-0.00012856555,3.9845156e-05,-0.0008596285,-0.00030191807,-1.5250321e-05,2.551315e-05,1.9896994e-05,-2.0742036e-06,3.865892e-07,-3.1683365e-05,-2.2673426e-06,-0.000114108465,-7.6260134e-05,1.0042091e-05,4.5191002e-05,0.00011530487,6.611881e-05,1.7442726e-05,7.995321e-05,5.9395916e-05,2.8893439e-05,4.9631875e-05,0.00013550937,4.9631875e-05,0.00015198221,0.00030545428
-0.121474154,-0.019592633,-0.019829769,-0.02258942,-0.8268518,-0.02628793,-0.095606185,-0.018985247,-0.014638401,-0.031754646,-0.10795706,-0.19739081,-0.02890994,-0.25615165,-0.089330174,-0.008450291,-0.7459622,-0.68438,-0.08671531,-0.015365076,-0.0459427,-0.011267274,-0.00752179,-0.015035707,-0.021312414,-0.012246943,-0.018320512,-0.027763866,-0.004072577,-0.9574006,-0.012972561,-0.005199313,-0.028941875,-0.10312612,-0.011415203,-0.016477294,-0.012545357,-0.016477294,-0.24295543,0.11988306
-0.006800023,-0.21680951,-0.17147475,0.0021427784,-0.015595879,-0.008590427,0.009699176,0.010264737,-0.0150622865,-0.0006830266,-0.006748984,-0.006508956,-0.058526218,-0.05333241,0.0074966643,0.02952267,0.02039684,0.0026143324,-0.012812119,-0.023414457,-0.0048207473,0.012762788,0.0165291,-0.018061545,0.011170729,-0.0151715055,0.011635503,-0.0068270164,0.0038595388,0.07175817,-0.012215269,-0.012832405,-0.033650365,0.0061852783,-0.025407495,-0.0168105,0.009763713,-0.0168105,0.005393025,0.021946153
-0.019186493,0.22847429,0.17439105,-0.2379453,-0.3061209,-0.021411413,-0.010123236,-0.12885681,-0.315111,-0.2380082,-0.023496721,-0.022632083,-0.059764307,-0.12165888,-0.16777398,-0.072054096,-0.30573204,0.2449584,-0.018235303,-0.17671211,-0.016153228,-0.19127123,-0.23881103,-0.13566105,-0.20716165,-0.40558225,-0.12875128,-0.0106533095,-0.36696672,0.31235495,-0.5617748,0.350166,0.25116175,0.24601649,-0.050203566,-0.48676196,-0.24664606,-0.48676196,-0.36296335,-0.33883572
0.44132143,0.17750472,0.1836345,0.35302773,0.1826657,0.21055342,0.40534955,0.5807789,0.5076992,0.24027525,0.3615652,0.40440303,0.3488211,0.45599166,0.01988828,0.18244965,0.05718102,0.046974927,0.13573138,0.3550297,0.47500166,0.45615804,0.5414546,0.4851356,0.5409428,0.509953,0.62087774,0.35676375,0.11554333,0.5937487,0.10679643,0.18744965,0.5709548,0.5463278,0.12905681,0.020150043,0.17566821,0.020150043,0.079420626,0.08924875
-0.00277595,6.9772517e-07,8.271072e-07,1.8157127e-05,-0.0010123863,3.0014858e-06,-0.008178082,1.3511166e-05,1.2903519e-06,-0.0020170868,-0.0005975803,-0.0034133773,6.628674e-06,1.3692693e-06,-1.4039078e-06,-0.0039716237,-0.0013171263,-0.00057476474,1.1866173e-05,-6.87696e-06,9.530385e-06,1.758813e-05,3.2336936e-06,2.6550156e-06,1.9659481e-05,1.5817838e-07,8.000569e-06,1.1834237e-05,-0.00048666183,4.45162e-05,2.3330185e-06,-8.6632616e-07,6.761534e-06,8.288646e-06,1.6295588e-05,-1.3785803e-05,-0.00064984715,-1.3785803e-05,-0.019123722,-0.039867647
-0.22381617,0.71878386,0.58105654,-0.88255394,-0.69299304,-0.11753108,-0.1851799,-0.9790912,-0.9854417,-0.55248743,-0.3075506,-0.13412555,-0.7963392,-0.66675824,-0.8464803,-0.30369267,0.381123,0.1684998,0.013798074,-0.7465137,-0.2164902,-0.7902142,-0.9253103,-0.40818986,-0.9032569,-0.9788925,-0.970641,-0.15769887,-0.49806172,0.18117398,-0.7423457,-0.6175523,-0.3633835,-0.26237157,0.10013544,-0.2367649,-0.33746564,-0.2367649,-0.28223056,-0.15171021
-0.028126398,0.19103384,0.17308246,0.24841109,-0.25577402,-0.07315595,0.019914059,0.32659695,0.21757422,-0.060352735,-0.02530643,-0.03254109,0.2112858,-0.14282912,0.04342237,-0.025315862,-0.052778117,0.01929855,0.03467718,0.0062300493,0.18113773,0.4133815,0.3534216,0.30371085,0.35761213,0.1970393,0.3430342,0.15976554,-0.11882869,-0.9703182,-0.14058948,-0.43715042,-0.66736126,-0.6118353,-0.2059132,-0.020257184,-0.07952213,-0.020257184,-0.044672318,0.012908916
0.06744629,0.007352923,0.0071768607,-0.042024545,-0.02557482,-0.2588004,0.03666239,0.031982202,0.027985906,-0.010504695,0.051423732,0.06298372,0.013246808,0.016761966,0.011724103,-0.21030211,-0.26103774,0.07828779,-0.16885568,0.017362718,-0.59467846,0.03132338,0.03192527,0.013297902,0.03928487,0.025452802,0.031078484,-0.5828,-0.028930163,7.0617425e-05,-0.02012846,-0.015314915,-0.046644896,-0.053127542,-0.008910029,-0.016630838,-0.03291541,-0.016630838,-0.046682008,0.0004979718
0.0048841145,0.114001095,0.11595607,0.59247303,0.14996727,0.38085696,0.022977756,0.21601532,0.36987573,0.04909486,0.005595396,0.00017031094,0.32965922,0.19847985,0.41671434,0.00024566305,0.6983878,0.4292669,0.5172174,0.11314035,0.72930896,0.4664506,0.3007572,0.26194948,0.391482,0.18768036,0.24520622,0.7436142,0.06299579,4.416754e-05,0.13425647,0.26749095,0.30442682,0.31024912,6.131366e-05,0.00079847197,0.00021056418,0.00079847197,0.41162062,0.45078114
-0.005940526,-0.043999184,-0.035600923,-0.046993706,0.9993512,-0.02895386,-0.006244352,-0.105744,-0.15960152,0.8569944,-0.008741743,-0.0046830764,-0.03561681,-0.0651797,-0.016415618,-0.020472951,0.99002373,0.99478585,-0.013496042,-0.028342357,-0.020828748,-0.05957448,-0.076633565,-0.0511141,-0.07641707,-0.13357939,-0.08137237,-0.034888342,-0.037664454,-0.03477059,-0.04098558,-0.061752565,-0.027763993,-0.022987904,-0.05053074,-0.06989262,-0.018223835,-0.06989262,-0.048392083,-0.04935176
-0.033820577,0.45080104,0.59956276,0.43666637,-0.46105835,0.27553454,-0.05969936,0.48594105,0.55857724,-0.03421597,-0.07526632,-0.041206766,0.47205347,-0.25497636,0.39925307,-0.1438573,0.52512664,0.24060377,0.33554447,0.4621376,0.45280185,0.43349752,0.26677254,0.39356503,0.37160304,0.45221174,0.28174445,0.57953465,-0.0010205972,-0.9770649,0.119623706,-0.5326587,-0.6194696,-0.53663343,-0.8161987,0.42613265,-0.004972427,0.42613265,0.124467105,0.10169905
-0.047636516,-0.70646805,-0.65629715,-0.70528066,-0.29670182,-0.15244032,-0.029237622,-0.34903052,-0.3935638,-0.121856816,-0.046315823,-0.059102215,-0.39781746,-0.49774593,-0.26203054,-0.13192427,-0.31951034,-0.29504687,-0.27569443,-0.3790572,-0.09634014,-0.5498909,-0.6177073,-0.58186626,-0.61959165,-0.35352772,-0.36818174,-0.12767795,-0.11671626,-0.034093242,-0.29372233,-0.48358074,-0.23096122,-0.22221562,-0.3084414,-0.4309582,-0.29960355,-0.4309582,-0.19674674,-0.045307744
-0.0013860606,-0.9506607,-0.91438025,0.122838475,0.40735462,0.042513676,-0.012267374,0.42370674,0.39672932,-0.010625762,0.0052463617,0.0077490993,0.06544854,0.33653617,0.34908912,0.10995834,0.14494395,0.30086526,0.06635416,-0.5647629,0.058146752,0.44435364,0.16007859,-0.56505513,0.25817025,0.3769098,0.26785496,0.033491757,0.08813671,0.11584704,0.08879203,0.07748652,0.34490484,0.44669878,0.054907337,0.06339495,0.049097933,0.06339495,0.36992818,0.21647547
0.0009627557,0.00074622215,0.0014265183,0.0047718743,0.0020567013,0.05161906,0.00046514708,0.001026019,0.00040353133,0.007868713,0.0005559917,0.0037176674,0.005181778,0.047237013,0.0014572073,0.0010647153,0.23666874,0.0058720964,0.0048770113,0.0011027545,0.02447736,0.00461879,0.0014443431,0.0018649714,0.0038309668,4.251085e-05,0.0010801547,0.01915686,0.119706504,0.54733753,0.003276252,0.004606566,0.24556656,0.45718077,0.0072910865,-0.000106116626,0.009270435,-0.000106116626,0.04187657,0.020598328
0.05711045,-0.26790416,-0.23359604,-0.6222565,-0.70160884,-0.48548064,0.10051503,-0.38249755,-0.6162006,-0.1533854,0.021318058,0.025184223,-0.62856615,-0.34406292,0.0067528742,-0.5643454,-0.1886483,-0.19392079,-0.603346,-0.3577664,-0.36988762,-0.588572,-0.71794975,-0.5387797,-0.48248142,-0.69987255,-0.6246991,-0.3533013,0.13829164,-0.1300955,-0.5184978,-0.6960737,-0.37750491,-0.5038785,-0.48132482,-0.5003923,-0.26686504,-0.5003923,0.26145226,0.2963378
-0.019520506,0.01649739,0.032852583,0.38810727,0.003000305,0.06558227,0.016841132,0.12754801,0.037776068,0.0012378906,-0.016212266,-0.0068247444,0.150043,0.14600366,0.047370754,0.19965677,6.670249e-05,6.228494e-05,0.11191783,0.096894726,0.12119999,0.15287021,0.12711592,0.077187344,0.14248036,0.04193902,0.16969165,0.088138916,0.14379153,0.06895716,0.1246065,0.18710047,0.39120743,0.49700755,0.311949,0.1985378,0.18666841,0.1985378,0.30259922,0.3640709
0.0039465576,0.009822989,0.006653413,0.00045410526,0.00070106814,0.002090956,0.0026586235,0.00024165105,0.0005448662,0.006787362,0.003188352,0.010220839,0.00029149785,0.0022163957,0.00014517155,0.0009091058,0.002168579,0.002611602,0.0004239241,0.00076332036,0.011160957,0.0005944049,0.0005062442,0.0008758418,0.0004678411,0.00087544555,0.00026917533,0.012380484,0.0065232096,0.0041570077,0.012234681,0.010506221,0.004193174,0.005332954,0.015153284,0.014525508,0.004558757,0.014525508,0.024020407,0.020398024
-0.2826153,-0.8994297,-0.7151147,0.55454946,-0.2200108,-0.16579281,-0.28701702,-0.5673761,-0.04124549,-0.5189013,-0.47569337,-0.30467126,-0.48681998,-0.3968155,0.30400404,0.19335969,-0.9754731,-0.21878216,-0.80147177,-0.24324188,-0.6800753,-0.7602593,-0.51267844,-0.47848985,-0.62847835,-0.15641476,-0.7150448,-0.6626313,0.37551963,0.6134633,0.1724794,0.016814932,-0.44683725,-0.2542577,0.68107074,0.24853146,0.30859664,0.24853146,0.18573216,0.25464422
0.022836538,0.00019050998,0.0003107602,0.08345298,0.009839364,0.0040923287,0.005832097,0.0049494742,0.050154272,0.08670085,0.02960327,0.034004968,0.02547683,0.009475417,0.6886317,0.1884932,0.014108331,0.58011895,0.0077681052,7.903806e-05,0.002303781,0.09943411,0.024389766,6.7638895e-05,0.048449192,0.02124627,0.0008772642,0.0030170023,0.5072237,0.0083971815,0.14540331,0.050065625,0.031445574,0.028988011,0.16798352,0.38917744,0.15058167,0.38917744,0.7875992,0.69910705
0.013809524,0.7150464,0.6676394,0.6258532,0.00022008085,0.009549082,0.0026676946,0.49840665,0.46126333,0.002676788,0.036209702,0.004976251,0.34737465,0.46261337,0.0037293208,0.2666296,5.3591903e-06,0.00034551558,0.12968902,0.14508359,0.0061339317,0.44462833,0.5076093,0.33566135,0.59708756,0.5067693,0.57956886,0.0029043856,0.117877014,0.507019,0.13504359,0.3551151,0.069064274,0.062095515,0.56616485,0.31294551,0.20448692,0.31294551,0.12873942,0.048300765
-0.0025307764,1.3254803e-05,2.0923051e-05,0.00087017665,0.00035401998,0.00449598,-0.0015383684,0.0003898682,0.00036235322,0.0015382068,-0.0015320941,-0.0020722442,0.0009994479,0.0014003741,0.0003677431,-6.4105625e-05,0.96444076,0.2407827,0.00020587324,0.00045447965,0.009123774,0.00022997765,0.00016864778,0.0001733113,0.00028074122,0.00027227605,0.00059275265,0.009400843,5.9578437e-05,-0.00037165434,0.00025232285,0.00014271012,-0.0009795267,-0.001691903,-1.0551904e-05,-8.2252125e-05,0.00020277737,-8.2252125e-05,0.00030095503,0.00037502867
0.09583576,1.9239244e-06,7.2273137e-06,0.013092529,0.28730372,0.043430813,0.028122688,0.03273565,0.0003952673,0.22801034,0.151975,0.08954591,0.018683998,0.031306084,3.3624272e-06,0.0954259,0.0004759527,0.0010686654,0.258844,0.0031105261,0.5500734,0.006945146,0.04079639,0.00018939243,0.00941633,0.00055226946,0.044477474,0.5985015,0.15106484,0.4061574,0.1740388,0.28290927,0.1987847,0.26770663,0.15313525,0.15269595,0.07928236,0.15269595,0.1507079,0.10765116
0.0142954495,0.31564415,0.30633086,0.25908172,0.14199011,0.06648627,0.009880921,0.30815554,0.4256705,0.026705246,0.020031983,0.017611368,0.24179287,0.028880237,0.22020845,0.21591437,0.16334741,0.21115267,0.052685473,0.24495865,0.030792285,0.40359876,0.26077768,0.18479815,0.32318142,0.43297324,0.26383212,0.02082329,0.04791059,0.1490832,0.26200432,0.2804159,0.04664256,0.08525521,0.25725332,0.2777226,0.03049977,0.2777226,-0.38767666,-0.28060132
-0.09806406,-0.5926669,-0.4961905,-0.2068189,-0.1511123,-0.17971055,-0.16830961,-0.048666816,-0.101379536,-0.23743996,-0.07806962,-0.11747958,-0.13454932,-0.29427516,0.52749944,-0.10548546,-0.18336742,-0.043389346,-0.1379867,-0.18131915,-0.5728642,-0.12717634,-0.107148,-0.10754475,-0.09294397,-0.13739045,-0.06110822,-0.7999133,-0.09964089,-0.17891309,-0.163951,-0.18909244,-0.54937506,-0.58349854,-0.20332934,-0.16737723,-0.15346244,-0.16737723,-0.46830878,-0.45935127
0.0549717,0.3375513,0.2642784,0.020498298,0.07309739,0.09616457,0.04865824,0.07311995,0.060710724,0.11472024,0.0634146,0.038710527,0.07780753,0.12091172,0.49737787,0.22086155,0.3005412,0.4507594,0.07715033,0.082384534,0.089584276,0.05041791,0.05665804,0.07607293,0.044299707,0.06629092,0.08514337,0.05993357,0.33245677,0.30772996,0.16991931,0.1689743,0.11332785,0.098360814,0.35080516,0.3552065,0.3343736,0.3552065,0.13093837,0.06771087
-0.040797874,-0.035187818,0.036361713,0.24460882,-0.0379499,0.17651694,-0.044010647,0.06083095,0.14438927,0.17192277,-0.04687689,-0.04308409,0.14750455,0.05625769,-0.023388183,-0.090010434,0.27744687,0.26242006,0.027570555,0.011344375,0.16951914,0.28176874,0.24254957,0.10220251,0.20887429,0.10477576,0.007181746,0.16882037,0.16715184,-0.56920165,-0.0036873645,0.032678682,0.18599695,0.08621356,-0.3006575,-0.13980389,-0.026522603,-0.13980389,0.29696584,0.26355997
0.0075426926,0.007832368,0.013073182,0.2170414,0.25963867,0.1562963,-0.0054655103,0.27798846,0.31702667,0.13346937,0.028367471,-0.009193315,0.23745368,0.011058657,0.23663826,0.018239258,0.15520264,0.14788407,0.20209326,0.12321786,0.10393032,0.29292408,0.25308788,0.16409439,0.3141427,0.2772755,0.24327074,0.064877704,0.20268609,0.0031723287,0.19314437,0.18454176,0.059476856,-0.016128825,0.23436072,0.105226204,0.122958794,0.105226204,0.15976398,0.107988134
-0.084639475,0.47405532,0.44853228,-0.5401468,-0.09013994,0.14868075,-0.022582287,-0.31116894,-0.3642863,0.0022725502,-0.0869295,-0.11094932,-0.3445432,-0.06511342,0.17687999,0.075891666,0.08430519,-0.44521955,0.08623626,-0.31434718,0.0728489,-0.6461452,-0.595831,-0.56372684,-0.6757672,-0.25619203,-0.24596997,0.07516225,0.003921739,0.000622349,0.009151133,0.012727126,0.01864435,0.026059097,0.023436142,0.063100114,0.0061319056,0.063100114,0.008799664,0.0049495134
-0.047399122,-0.0061133285,-0.0049359403,-0.00642295,-0.0013085039,-0.008467289,-0.021921767,-0.0028201868,-0.005467488,-0.015946882,-0.045611814,-0.07762551,-0.0026779987,-0.0025622481,-0.001398554,-0.16172959,-0.002035766,-0.003688866,-0.0019230128,-0.0025843552,-0.008743601,-0.11317103,-0.021659963,-0.002946867,-0.12075835,-0.008757915,-0.0028158529,-0.012733545,-0.028080933,-0.0649183,-0.18676516,-0.13865198,-0.42644987,-0.4360714,-0.18594304,-0.14070025,-0.004936793,-0.14070025,-0.0019698506,-0.0043755565
-0.008861902,-0.011593325,-0.013228938,0.14158249,0.33140945,0.33126038,-0.013189214,0.0414903,0.006090671,0.0052501746,0.023107437,0.0061986726,0.07626166,-0.01899556,-0.10962461,0.04577875,0.55276763,0.62177116,0.28678435,0.08796822,0.36879605,-0.003128191,0.0021024344,-0.024300128,0.0012937868,0.008951989,0.03708809,0.3158746,-0.18685143,-0.1087822,-0.044999223,-0.15650778,-0.12913914,-0.0971956,-0.051192883,-0.22982013,-0.021038901,-0.22982013,-0.12231286,0.08398209
0.13990274,0.023661017,0.019499317,0.1109792,0.025899246,-0.516763,0.26185867,0.026530331,0.029316258,0.09370964,0.11829877,0.13522121,0.08588694,0.018523855,0.03566218,-0.20910852,0.032213807,0.012191485,-0.27870274,0.027887825,-0.09584423,0.013839011,0.43169078,0.012500352,0.39454615,0.0255547,0.02476553,-0.16075046,-0.16195142,-0.51710224,0.40128902,0.06356388,-0.27239695,-0.12911768,-0.17495543,0.8054406,0.063596435,0.8054406,-0.0069714338,-0.06478457
0.0025718338,0.0003818796,0.0005530157,0.012417957,0.006912157,0.20038882,0.000580386,0.0028947673,0.04348395,0.0024811176,0.005382671,0.0042270706,0.0048328456,0.0006761721,0.40869665,0.0034367922,0.14888799,0.0047029112,0.0014386242,0.0042945314,0.0031827653,0.0017414787,0.0032989285,0.0034443834,0.0023690283,0.059928447,0.0036654756,0.0032192552,0.0029177428,0.0045444504,0.0015479747,0.001814645,0.00070857746,0.00040446705,0.001079479,0.0006370919,0.0036729872,0.0006370919,9.0325295e-05,0.00013906784
-0.045658723,-0.020486245,-0.034326512,0.020817146,-0.26540542,-0.16774206,-0.04883678,-0.2606087,-0.18615255,-0.1976085,-0.060897272,-0.08857491,-0.13895284,-0.20016454,-0.16654909,-0.0074928566,-0.20731252,-0.22267812,-0.1279741,-0.101288356,-0.13188776,-0.20623216,0.3776142,-0.11838269,0.25339904,-0.18389426,-0.17293687,-0.1467254,-0.13831417,-0.18381888,0.4109495,0.3906115,-0.037955027,-0.055371482,-0.12731965,0.6880639,-0.14908911,0.6880639,-0.2696676,-0.22987896
0.00057668367,0.0142012965,0.001598841,0.010941468,0.6621461,0.011841691,0.00034103222,0.0025101632,-0.00064107915,-0.0042055286,0.0023375447,-0.0011588862,-0.0044459095,0.029059013,-0.008008552,0.0030023414,-0.0003453876,0.08497139,-0.005399878,-0.0116524985,-0.016702073,-0.005993307,-0.0035426402,0.017393608,-0.00599864,-0.0006792758,0.0052998886,-0.02462601,-0.0015460214,0.023595545,-0.003283174,-0.0024278692,0.0069626737,0.0062686475,0.004254447,0.0034631502,-0.0039122077,0.0034631502,-0.006835256,-0.00693279
0.062147543,0.22825646,0.2290851,0.20925802,0.19829065,0.21879765,0.075880155,0.22972938,0.2332548,0.1632969,0.07574652,0.06030189,0.21587548,0.2202143,0.20717601,0.26110393,0.27802825,0.25389758,0.20182191,0.19712305,0.24123627,0.24108402,0.22751802,0.20623891,0.2493829,0.22355077,0.21935603,0.29214922,0.1555696,0.22081093,0.19634414,0.21751891,0.2465823,0.26471215,0.24066412,0.172904,0.16834468,0.172904,0.20422496,0.03762392
-0.5718956,-0.8322664,-0.84172994,-0.7284124,-0.85611033,-0.54517794,-0.4228609,-0.58263636,-0.6175354,-0.90143234,-0.6362273,-0.686239,-0.7029582,-0.7775766,-0.90302515,-0.8484738,-0.76660293,-0.9598594,-0.7008225,-0.87577707,-0.7197515,-0.6894351,-0.6798513,-0.71877754,-0.6167359,-0.56015867,-0.574845,-0.70389855,-0.92328334,-0.7420543,-0.800646,-0.7351714,-0.738874,-0.74267256,-0.7278424,-0.8446747,-0.86759603,-0.8446747,-0.9663978,-0.97289366
-0.04249707,-0.82921416,-0.8210762,-0.51385885,-0.8343125,-0.62320757,-0.035123117,-0.88495946,-0.8143151,-0.45841098,-0.10778916,-0.07289722,-0.8910226,-0.49274057,-0.8545258,0.28152803,-0.7503826,-0.8681534,-0.6959942,-0.7955225,-0.43944633,-0.6643434,-0.49498028,-0.79504174,-0.752402,-0.7636386,-0.87635374,-0.2767781,-0.33798942,-0.54002774,-0.65123075,-0.74660337,-0.67624134,-0.75743085,-0.41996998,-0.47852796,-0.13432005,-0.47852796,0.33965713,-0.050422583
0.041250803,0.84613353,0.7590094,0.0033104536,0.4372569,0.90393835,0.028750071,0.85304874,0.8207661,0.12874752,0.1286537,0.03426106,0.753079,0.4037158,0.87631726,0.29318243,0.2198415,0.3737055,0.70654833,0.6986335,0.6929416,0.9164658,0.76380235,0.92072695,0.8470298,0.76717174,0.82445824,0.62099653,0.39692557,0.5481205,0.33621415,0.37665367,0.89767957,0.9330996,0.66251236,0.534952,0.38584492,0.534952,0.3525891,0.27882814
0.053158484,0.27023777,0.2590564,0.30096138,0.24926217,0.1294397,0.1155141,0.06899192,0.032805625,0.038901072,0.057052415,0.0075578494,0.07568054,0.054947887,-0.05224114,0.3351451,0.68054026,0.23962353,0.15324612,0.07325335,0.25143602,0.068743765,0.22011706,0.085199155,0.095259234,0.040246088,0.091276094,0.21370694,0.033185665,-0.09587195,0.06407126,0.18705189,0.0066823578,-0.011865881,-0.04017886,0.16092244,0.06318379,0.16092244,-0.025879357,0.10034245
0.042312022,0.009997505,0.008466216,0.017147006,0.0022074878,-0.0022381288,0.02932474,-0.008839746,-0.0011755533,0.011171274,0.03421775,0.052658767,-0.002054554,0.019081092,0.011343362,-0.0001886386,-0.003108315,-0.011822949,-0.0038627777,-0.00068498886,-0.002929484,-0.003646612,-0.00034973558,-0.001397655,-0.00044382134,0.0036742117,-0.004662511,-0.0013713106,0.0011122521,0.004299262,0.0011505786,0.0032926234,0.004425352,0.0027140437,0.0049446546,-0.0031234205,0.0053535663,-0.0031234205,0.010374013,-0.0005971918
0.17782758,0.7758954,0.72784543,0.3825781,0.03264254,0.074070364,0.17666802,0.24178195,0.26731715,0.02741136,0.19020726,0.15132397,0.19950198,0.22726035,0.081831366,0.19287942,0.0010639849,0.0066003664,0.32710865,0.2872506,0.69009334,0.31331104,0.16664445,0.31489518,0.23169589,0.2278248,0.21597143,0.38185555,0.10526968,0.12774308,0.36183393,0.41370732,0.24124391,0.33071274,0.2873268,0.558806,0.10927418,0.558806,0.08097306,0.06252401
0.0012379943,-0.032543525,-0.01450424,-0.3300151,-0.056085225,-0.26609612,0.0007139932,-0.0022328522,-0.17278905,0.0025839938,0.0018473112,0.0026575986,0.011251535,0.032139603,-0.90672195,0.009109336,-0.20708643,-0.03711731,0.005469992,0.006951459,-0.0020875698,-0.045224275,-0.057311174,-0.038086586,-0.07142221,-0.12134116,-0.008828982,-0.0054879817,-0.0032853137,0.0003639917,0.01699873,-0.0035035,0.0082976585,-0.006471684,0.0056689247,0.020555764,0.0029866619,0.020555764,0.013381152,0.009732458
-0.0036587568,-0.0018565094,-0.0032580222,-0.016987616,-0.07300232,-0.035624955,-0.0022702827,-0.026156629,-0.036152527,-0.043150634,-0.005119395,-0.007305656,-0.0058990945,-0.0336771,-0.019450925,-0.10943856,-0.08771744,-0.040968742,-0.011181864,-0.0107216295,-0.13349229,-0.030126508,-0.057818465,-0.0111305285,-0.03346695,-0.044222593,-0.024659282,-0.09760579,-0.09518753,-0.31557873,-0.04964179,-0.09125907,-0.02741288,-0.02403933,-0.05025652,-0.033365514,-0.115502484,-0.033365514,-0.12597334,-0.099583335
-0.10988029,-0.00084297144,-0.00053981575,0.0021064219,-0.0004711371,0.10420677,-0.03506546,-0.004411548,-0.014625851,-0.0011954062,-0.07191338,-0.10695684,0.00025186012,0.014423837,0.9606157,0.0014165846,0.01421286,0.0006646406,0.007252138,-0.0026954415,0.01724347,-0.00038330187,-0.00045278005,-0.0022675712,-0.0011116032,-0.007756233,-0.003406889,0.005593982,0.0010166537,0.0063796304,0.0025950714,0.0010477477,0.04885692,0.03842056,0.0013247067,0.005933017,0.001485627,0.005933017,-0.000353992,0.0014957694
0.010641772,0.00022812902,0.00020231972,0.029770017,0.00025140244,0.02904388,0.010198451,0.0009790866,0.088358164,0.002861626,0.005094036,0.0103700785,0.0009294831,0.00022474393,0.05605802,6.287743e-05,0.0026356056,0.0005604055,4.282505e-06,0.00083154405,-9.152735e-07,0.0001752901,0.0013177452,0.00091384153,0.00030749594,0.12114506,0.0015417694,-2.5103948e-06,0.0004009303,-0.00067380635,0.00025010313,0.00053881336,7.08544e-05,6.875882e-05,0.0004586343,0.00019721645,9.857655e-05,0.00019721645,7.820018e-06,1.9251582e-05
0.01805892,-0.6578015,-0.6192992,0.26752347,0.50011533,0.12378637,0.01977447,-0.16014844,-0.16695166,0.07830406,0.012003778,0.026924817,-0.017453171,0.2917039,0.3513147,0.21542054,0.28789157,0.06962371,0.41549212,0.06579367,0.027221136,0.13658312,-0.049496315,-0.28015575,0.16661288,-0.12696776,-0.11564711,-0.008617017,0.17127207,0.95148134,0.19545062,0.14030752,0.50896597,0.6395901,0.3314026,-0.2179782,0.20323803,-0.2179782,0.37978682,0.28917238
0.0814202,0.46237388,0.45801818,0.4649455,0.18736528,0.14380728,0.066767365,0.4059996,0.5198965,0.087261274,0.06375105,0.12852396,0.13967021,0.2574428,0.18256095,0.0074531008,0.20334472,0.10864725,0.12794662,0.23191825,0.12584731,0.40200022,0.59188265,0.44576663,0.51481044,0.52667046,0.43727478,0.10694285,0.09111932,-0.4769155,0.14547709,0.46766335,0.19437781,0.057747427,-0.27002943,0.08443529,0.57412726,0.08443529,0.12033412,-0.04124478
-0.0033972638,0.0018731261,0.0024288162,-0.063651085,-0.01806677,-0.1060114,-0.0026193263,-0.018682001,-0.07199015,-0.009437985,-0.0032678517,-0.0075871404,-0.006090401,0.00017096032,0.0028793388,-0.0035163122,-0.03378581,-0.012736729,-0.0010933795,-0.004390054,0.023847088,-0.0075264433,-0.012608491,-0.007641195,-0.009567088,-0.10308684,-0.02316618,0.04701774,-0.0013729605,-0.0013264689,-0.004353527,-0.012311454,-0.0006707632,0.0067553744,-0.0127736125,-0.018376235,-0.0020831588,-0.018376235,0.00037176098,0.00072142394
-0.014046728,0.1813601,0.1520202,-0.14760044,0.08100115,-0.44139662,-0.074434154,-0.019530544,-0.0056687985,0.010831324,0.038135666,0.030642524,-0.33667502,0.33529449,-0.25982246,0.039752033,-0.42374694,0.15264037,-0.66265583,-0.12946051,-0.76012623,0.028744088,0.07931316,0.096791625,0.026302235,-0.0021945813,-0.016192833,-0.7530218,0.083559684,0.41317818,-0.03688303,0.14586273,0.16912231,0.2521962,0.21397017,-0.08400438,0.11204647,-0.08400438,0.13013431,0.12031689
0.069645315,0.24322194,0.25405523,0.7295772,0.02508555,0.4111251,0.012059228,0.6049898,0.48035246,0.025624402,0.11082145,0.08748915,0.6404109,0.589776,0.13127084,0.0029461258,0.06502148,0.034055993,0.5908285,0.4147235,0.15365036,0.6734064,0.63122034,0.65496075,0.67734754,0.4339622,0.66499907,0.1327836,0.018169994,0.03018426,0.32754228,0.52972406,0.38105467,0.34710774,0.59665114,0.49894753,0.08332278,0.49894753,0.009439933,0.0011434009
-0.0013327183,-0.016168024,-0.020478198,-0.021626573,-0.0064279074,-0.03309619,-0.00072395836,-0.041761547,-0.0324295,-0.00096291327,-0.0012422802,-0.0015417163,-0.0080730915,-0.02096575,-0.06517876,-0.05239099,0.008403095,-0.053409174,-0.0053507523,-0.0037010673,-0.032919187,-0.0363451,-0.03914404,-0.017674882,-0.050516646,-0.04104044,-0.03558132,-0.030130887,-0.0039543286,-0.19630688,-0.004772612,-0.014043003,-0.00448262,-0.012852167,-0.021739779,-0.06629848,-0.0051917215,-0.06629848,-0.0043116384,-0.0063052652
0.0067663467,0.15661027,0.14369953,0.5912126,0.47085518,0.0092075635,0.009224568,0.63486797,0.5522611,0.105367765,0.00523255,0.009169297,0.5497902,0.044987634,0.0014208267,2.401582e-08,0.016063154,0.11873892,0.23736256,0.23405886,0.0014335327,0.5751646,0.5089022,0.39942932,0.52490133,0.55676275,0.646653,0.0020883426,0.38149405,0.011017919,0.39932406,0.58687943,0.00896007,0.0061100037,0.7095052,0.5469216,0.17651689,0.5469216,0.1175718,0.009192728
0.015557614,-0.00036103092,-0.00075782964,-0.19170396,-0.09280113,-0.7241083,0.018862225,-0.077996224,-0.3192666,-0.14766017,0.0074158665,0.04604698,-0.5564123,-0.008848657,-0.81536824,-0.043375213,-0.7241277,-0.7282205,-0.18911198,-0.29275423,-0.76807296,-0.53382725,-0.0012949853,-0.0013061018,-0.24074827,-0.14775056,-0.008307706,-0.91506946,-0.5599651,-4.3361865e-06,-0.36423826,-4.9567443e-05,-0.00012372012,-0.0038807716,-0.0034074232,-0.38915238,-0.15968037,-0.38915238,-0.83046234,-0.784652
0.06314805,6.1289225e-06,1.0727618e-05,0.0031731846,0.05174566,-0.006654214,0.024830513,0.0017021298,0.00014705714,0.42757404,0.10270668,0.4532441,0.00014285739,0.014223387,2.506116e-06,0.17121741,-0.09379782,0.014422382,-0.00010178248,0.00020026138,-0.044247776,0.0066702124,0.011661238,3.246922e-05,0.0044539846,0.00036938928,0.0012768743,-0.03312967,0.21998836,0.14553383,0.36609775,0.29660994,0.1481529,0.21823306,0.37220636,0.5062087,0.3029124,0.5062087,0.61019504,0.6963729
-0.10271583,-0.38923872,-0.22833054,-0.7718559,-0.7845309,-0.29200044,-0.07613889,-0.5649478,-0.25251547,-0.024744656,-0.15539923,-0.07037576,-0.4401997,-0.05116894,-0.10260086,-0.13876595,-0.8686492,-0.04120423,-0.53389263,-0.080482736,0.120313235,-0.19300179,-0.30905288,-0.10559532,-0.21742061,-0.32567137,-0.6163126,0.39722192,-0.030026453,-0.078964114,-0.17424676,-0.40703967,-0.013841359,-0.017511636,-0.19255248,-0.6565953,-0.0513701,-0.6565953,-0.038478963,-0.0146579575
-0.08739099,-0.64703566,-0.5901051,-0.761133,-0.86338973,-0.3587221,-0.058061507,-0.83100533,-0.8594645,-0.0011565819,-0.071619414,-0.111346446,-0.55004525,0.07763936,-0.7514381,-0.3426396,-0.83232063,-0.64573306,-0.88304734,-0.33018944,-0.70646983,-0.77518225,-0.7721989,-0.74916875,-0.80434513,-0.83522415,-0.77848,-0.70436996,0.032648414,0.34213403,0.1109417,0.13817957,0.36589026,0.3540614,0.27265537,0.323099,0.102899134,0.323099,0.21293496,0.11681731
-0.0044437503,0.5832773,0.6037079,0.6199466,0.21203162,0.18979107,0.013978111,0.1918592,0.26797822,0.14082527,-0.0065000807,-0.005106039,0.5565176,0.13943572,0.20081766,-0.017743018,0.46403572,0.45289838,0.5994511,0.42509684,0.7180794,0.52805865,0.4068549,0.45145044,0.48336425,0.1943257,0.22941677,0.73467124,0.18222271,-0.04342814,0.23859787,0.30831832,0.42790148,0.46549267,-0.063397124,-0.09951519,-0.034679808,-0.09951519,0.49441427,0.45519224
-0.0016600351,-0.00061748107,-0.0008910242,-0.012997095,-0.0064364574,-0.3088715,-0.0019553206,-0.016472328,-0.01690704,-0.0062834984,-0.0022547178,-0.0017127784,-0.04226364,-0.003070595,-0.0019313417,-0.039826605,-0.62944055,-0.01108718,-0.029261086,-0.0070291176,-0.3017516,-0.02707795,-0.015153618,-0.0027566056,-0.015594516,-0.02150901,-0.018809069,-0.36562866,-0.031520586,-0.0046650465,-0.026242789,-0.02826851,-0.029047579,-0.03349509,-0.034712244,-0.016253194,-0.06123537,-0.016253194,-0.02307221,-0.04674996
0.00509612,0.97852224,0.9949878,0.60229105,0.01492737,0.9535109,0.0018460506,0.9972059,0.99788827,0.16014253,0.010357497,0.003236461,0.98958653,0.17530808,0.12653928,0.29416302,0.043245684,0.020229153,0.8055422,0.97484607,0.2859891,0.9975726,0.98855263,0.9932733,0.99114543,0.99733305,0.99687207,0.44666383,0.4511064,0.0006812226,0.9601813,0.96407866,0.19952026,0.15098116,0.34350076,0.99566776,0.31529585,0.99566776,0.0004189876,0.0009039313
0.012496141,0.022339994,0.023893127,-0.04990431,-0.04994183,0.20934395,0.005550771,0.0122721465,-0.010409488,-0.01838794,0.008606753,0.01416985,0.0077447454,0.21410307,0.016101288,-0.14348024,-0.10189315,-0.039113346,-0.008331824,-0.018957565,0.26483065,0.018748803,-0.013194924,-0.00083117315,-0.024145095,-0.0038896352,0.017058196,0.28421158,0.10939944,0.16019487,0.04104646,0.020612855,0.12175872,0.24184267,-0.40482682,0.31409898,-0.026394738,0.31409898,0.14065899,0.2028616
0.0066467263,0.0015023078,0.0008355367,0.013920347,0.0069496864,0.26766166,0.011518678,0.0052917907,0.005506766,0.0046321885,0.005184325,0.006620634,0.052238878,0.0012249933,0.0017893106,0.007602339,0.12857151,0.00036402053,0.091196544,0.0052520866,0.2779593,0.0069301925,0.0066430434,0.0058778366,0.008225635,0.0059707575,0.0070525827,0.3148263,0.004365334,0.029280804,0.065332435,0.028115232,0.019838123,0.011391196,0.005298029,0.25138295,0.0054585417,0.25138295,0.00077005243,0.0006330787
0.0010516484,0.0007315786,0.00049038505,0.004619588,0.018843405,0.04550808,0.00087534345,0.0024945082,0.0035339468,0.0053702556,0.0008801924,0.001995908,0.0046824818,0.0015204655,0.033709634,0.0016224715,0.15825887,0.010959841,0.009274648,0.00076954404,0.00846108,0.008052755,0.009662382,0.0025359872,0.009680766,0.0024288527,0.0026587392,0.013728153,0.0028275955,0.0005408532,0.0075687333,0.015498365,0.0015290104,0.00088615227,0.0011618838,0.004977009,0.0022262572,0.004977009,0.0020248534,0.0021307261
-0.30469328,-0.08160747,-0.11377786,-0.2542436,-0.5878358,0.31643778,-0.17073907,-0.4236968,-0.4150325,-0.27136558,-0.45548487,-0.32692704,-0.09601023,-0.09477647,0.050512075,-0.28654552,0.10251814,-0.017237904,0.08431776,-0.12701651,0.25915244,-0.2854249,-0.68249804,-0.22060718,-0.43259826,-0.547884,-0.5260527,0.3424013,-0.112832,-0.7366769,-0.4952216,-0.9012067,-0.12353854,-0.14164257,-0.5005013,-0.417144,-0.21859658,-0.417144,-0.058139235,-0.0017689946
-0.09661632,-0.5772463,-0.5870105,0.34009883,0.55068856,0.17705557,0.3911685,0.16367851,0.20881365,0.2725681,-0.16920018,-0.26007393,0.1286994,-0.052319873,0.33414134,0.09133245,0.29238388,0.15565708,0.09845707,0.21916041,0.23058642,0.006040839,0.2547802,-0.045259353,0.053495415,0.19912934,0.16478455,0.26165116,0.20776157,0.10849164,0.17130317,0.5349975,0.010055189,-0.005044509,0.03721845,0.08631128,0.09156623,0.08631128,-0.029362151,-0.041836616
0.008618044,0.0008330099,0.0007131135,0.003346421,0.0032433048,0.020639965,0.0078061433,0.002803868,0.002453728,0.002580832,0.00848391,0.004972835,0.0048387973,0.003937621,0.0024682044,0.0019836645,0.0032374924,0.0007851513,0.026754072,0.002704135,0.035887398,0.0022563983,0.0010959122,0.0027662641,0.0020381643,0.0032251456,0.0041561136,0.03483747,0.0043236264,0.011972437,0.0061083226,0.004477656,0.01188707,0.0074512535,0.008023212,0.009886112,0.00660115,0.009886112,0.006183497,0.0016322425
0.036215644,0.84696645,0.82038265,0.23538372,0.5114836,0.00092678977,0.032582875,0.56351054,0.4464062,0.1717757,0.062725656,0.035661496,0.17991039,0.48875037,0.0028666907,9.1504924e-05,0.0007852872,0.60745275,0.012533,0.3158279,0.00036598282,0.49377012,0.47478062,0.7469313,0.42338958,0.3677498,0.5027296,0.00046034498,0.03362812,0.00093202863,0.15675598,0.13335577,0.021495188,0.037619073,0.056906957,0.34325454,0.07420465,0.34325454,0.40748572,0.16685943
0.012974702,0.80399793,0.8251918,0.5167769,0.41549078,0.22510695,0.009042302,0.5358281,0.65237236,0.097045556,0.020187305,0.004971255,0.48063442,0.6405517,0.66681,0.41536635,0.009953173,0.52113897,0.13456538,0.49812636,0.54605645,0.5936747,0.5443026,0.7171526,0.58134305,0.58764774,0.5246359,0.5408357,0.112722956,0.55571926,0.24222378,0.2711888,0.07694926,0.19159386,0.23330788,0.6449255,0.20527041,0.6449255,0.27401352,0.35341686
0.011000277,0.24640612,0.19473478,0.029369563,-0.09685119,-0.07616078,0.006632374,0.016457858,-0.024858102,0.012578098,0.017764354,0.0138844475,0.035471216,0.121064715,-0.44827223,0.0754234,-0.2080052,-0.046608686,0.040497985,0.006647892,-0.03231377,-0.012973639,0.068307176,0.118682235,0.050293718,-0.029206209,0.02944076,-0.03600719,-0.12280981,-0.53729737,-0.09804974,-0.1791052,-0.27522495,-0.30999658,-0.2867144,0.074723735,-0.052417126,0.074723735,-0.16250011,-0.14526518
-0.019674612,-0.9790987,-0.97479475,-0.02831205,-0.0015039222,-0.0014826555,-0.04584653,-0.0022637323,-0.0013680989,-0.0015045472,-0.0069071273,-0.016286949,-0.0033230318,-0.0076783258,-0.098515324,-0.00033948995,-0.0003342868,-0.0025654975,-1.9235204e-05,-0.21227269,-0.00015494092,-0.0025834648,-0.033647895,-0.56442535,-0.0026536654,-0.0011422186,-0.021046234,-9.3488685e-05,-0.00015983405,-3.0859146e-06,-0.00019245007,-0.00054204796,-0.0001386423,-5.8138266e-05,-0.00010406813,-0.000449538,-0.0005191446,-0.000449538,-0.0002994502,-0.0005720184
-0.0032695406,-0.0043380586,-0.004850953,-0.0037949027,0.26709643,0.00029292732,-0.0070585823,-0.002447229,-0.0065583442,-0.0026622403,-0.0014274161,-0.002919627,-0.0006212651,-0.00018507108,0.03227113,-0.00074618956,0.61199063,0.24865212,-2.4806668e-05,-0.002474957,5.250749e-05,-0.0018832771,-0.002012194,-0.0056716832,-0.0025589573,-0.0042129047,-0.001566067,0.00012401676,0.00011505801,0.00054139673,5.5471523e-05,0.00021132991,0.001131133,0.0008277742,0.0001438961,-0.00030013762,-0.00010565826,-0.00030013762,-9.9288576e-05,-0.00023590362
-0.0025394391,-0.0005515031,-0.0011507643,-0.1259276,-0.1151438,-0.18887317,-0.0011134368,-0.06249525,-0.008742844,-0.013827823,-0.0036864702,-0.008831963,-0.045675788,-0.09821379,-0.0002765744,-0.28110266,-0.0020893444,-0.00031056628,-0.5156792,-0.012458001,-0.7510931,-0.022822209,-0.016655754,-0.0037124017,-0.021614384,-0.010128825,-0.07112106,-0.7080255,-0.16420498,-0.89676684,-0.13670999,-0.17846291,-0.38335416,-0.42035344,-0.30860436,-0.26352683,-0.19066602,-0.26352683,-0.18024766,-0.19432123
-0.013153318,-0.0018328588,-0.0018549457,-0.052008204,-0.024197869,-0.003898243,-0.019055637,-0.049836405,-0.07669283,-0.0040374175,-0.012866917,-0.019463874,-0.012724809,-0.017563514,-0.08639508,-0.0053111496,-0.0014180251,-0.0032561352,-0.00055432034,-0.015930945,0.00076483376,-0.04904426,-0.016360424,-0.0144039,-0.04786174,-0.05736645,-0.032184646,0.00049894734,-0.007698658,-0.0030849513,-0.0058716275,-0.0065056407,-0.0017075816,-0.017141422,-5.4531032e-05,-0.0026458297,-0.0015132868,-0.0026458297,-0.0017170951,-0.0019210025
-0.014095267,0.35840854,0.2957294,-0.010427437,-0.117538035,-0.033938374,-0.0075758537,-0.00408444,0.0076589705,-0.024545606,-0.01607396,-0.028132599,0.05780947,0.1253191,0.20468228,-0.12376639,0.010276105,0.07574799,-0.04991672,0.0707784,-0.027519641,0.06993254,-0.017045971,0.18267496,0.029584447,-0.07982273,-0.033571243,-0.05923284,-0.14593811,-0.3417049,-0.08076258,-0.12280865,-0.015851777,0.0016851823,-0.17186537,-0.16072907,-0.059781227,-0.16072907,0.092932604,0.06017833
-0.0003821592,0.00012238017,9.2219794e-05,0.00062872295,0.00020576884,0.01461761,-0.0007114225,0.00020932616,0.0016285036,0.00020671521,-0.00025498332,-0.0007172435,0.0005141096,0.0009970276,0.8338448,-1.1930834e-05,0.0026577034,0.0010924721,2.4438843e-06,0.00073363504,0.00012391299,0.00064883323,0.00013127824,0.0012098753,0.0006149863,0.0006550937,8.166467e-05,9.2047056e-05,0.000133547,-2.1168764e-05,5.1730312e-05,1.7334372e-05,1.0643915e-05,3.6448393e-05,-1.3723542e-05,-2.0311722e-05,3.318034e-05,-2.0311722e-05,0.00023182899,0.00033919484
-0.00027641258,-0.009137679,-0.0067357314,-0.10249176,-0.1225212,-0.06061026,0.058384404,-0.09575473,-0.111163236,-0.058226176,-0.011687425,0.0009830254,-0.025805151,-0.035226464,-0.11580824,-0.027519237,-0.09037253,-0.032010086,-0.009585437,-0.020470178,-0.03306204,-0.050834898,-0.07220469,-0.04606109,-0.07633965,-0.100019194,-0.070135534,-0.07837586,-0.017739868,-0.045014974,-0.032016642,-0.03750095,-0.042274203,-0.035955593,-0.0059913835,-0.033239722,-0.0067662396,-0.033239722,-0.021551482,-0.01574046
0.03884534,0.87342435,0.8612746,-0.12297194,0.839926,-0.22387625,0.083991654,0.71090376,-0.5946856,0.13812806,0.019429369,0.055982888,0.6413499,0.55754995,-0.14385879,0.53020364,0.19420291,0.7518211,0.6897989,0.50562626,0.8376145,0.66043633,0.58468705,0.71428627,0.5550824,-0.6645464,0.70384777,0.8522903,0.20252593,0.3355095,0.29944983,0.4936312,0.65463674,0.76507634,0.25972837,0.51860476,0.22356988,0.51860476,0.7256335,0.6107899
0.037812978,0.28513086,0.28017387,-0.040988434,0.060809806,-0.2565704,0.08283062,0.053740203,0.22604646,0.104712464,0.045527846,0.05175005,-0.08036025,-0.046898644,0.42392987,0.09024338,-0.1739086,-0.17878483,-0.0058308635,0.2858622,-0.200845,-0.10487214,-0.011935794,0.18286623,-0.064037725,0.23172817,0.04999955,-0.25839826,-0.004447221,-0.00042584623,0.044762347,0.032818217,-0.023681719,-0.017911827,-0.00054669986,0.05315,0.014774698,0.05315,-0.052943107,-0.07484659
0.0686318,0.14902537,0.10804819,0.014904494,0.002713516,0.010936,0.0804223,0.008075652,0.011379784,0.027876953,0.07229683,0.0484854,0.0037750937,0.11677569,0.038923625,0.018602887,0.0062315334,0.018087218,0.0029017197,0.0067231106,0.0015921019,0.004645099,0.011625066,0.011519048,0.0056722905,0.012793451,0.0129418345,0.0010462613,0.002031652,0.00048906397,0.006944376,0.008332611,0.0044719237,0.0037514428,0.0050299666,0.020240644,0.01131964,0.020240644,0.0220753,0.018693345
-0.031740323,-0.23858723,-0.33070403,-0.36268437,-0.24565735,-0.3010554,-0.020002345,-0.16926132,-0.12219236,-0.09984276,-0.056436498,-0.013596582,-0.28028277,-0.66957307,-0.06263274,-0.028095845,-0.238189,-0.012541192,-0.3998644,-0.31248683,-0.59472805,-0.20199023,-0.22342233,-0.39853352,-0.20725939,-0.1359257,-0.25013232,-0.6646062,-0.17048232,-0.78554225,-0.28702372,-0.31116083,-0.5265097,-0.61044735,-0.13141939,-0.28706938,-0.11969119,-0.28706938,-0.32570297,-0.22750211
0.0018784909,-0.35043317,-0.33289933,-0.3396263,-0.21940011,-0.0524621,-0.010183485,-0.33424816,-0.2273755,0.01588191,0.03717564,-0.10289728,-0.18343478,-0.024357893,-0.088803895,-0.12603977,-0.26721373,-0.08387006,-0.02521813,-0.21451056,0.005300601,-0.27764273,-0.41669253,-0.32200313,-0.44857907,-0.24820146,-0.30936006,-0.0088480925,0.048394762,0.67217636,-0.010163614,-0.036032766,0.3506095,0.5146181,-0.07659146,-0.26337853,-0.04606793,-0.26337853,0.013127577,0.11333479
-0.00066542084,-0.005311325,-0.003524272,-0.0065113846,-0.050282232,-0.009332784,-0.0005128795,-0.017173486,-0.0040524486,-0.0030813627,-0.00038571254,-0.0006017794,-0.003314349,-0.02016341,-0.002080413,-0.0100924745,-0.02118158,-0.00096534326,-0.00018441249,-0.016288964,-0.0011777997,-0.009725667,-0.030214436,-0.01971897,-0.0129327,-0.0037861865,-0.016084732,-0.00046915398,-0.009486991,-0.35692993,-0.027301308,-0.08934284,-0.042858373,-0.037453823,-0.00923978,-0.012988833,-0.005061957,-0.012988833,-0.0035404346,-0.003838053
-0.07886241,-0.02533297,-0.0311332,-0.051892564,-0.058260627,-0.10236675,-0.075987816,-0.08233976,-0.064585954,-0.046551056,-0.06066743,-0.06455322,-0.0551486,-0.07135272,-0.05992926,-0.12067824,-0.1703806,-0.07062281,-0.14294736,-0.038797975,-0.20522405,-0.07968615,-0.0821305,-0.06820465,-0.07230167,-0.064826965,-0.08167587,-0.20551,-0.066118695,-0.034056433,-0.036927298,-0.07486351,-0.052226063,-0.054665342,-0.052586403,-0.048303276,-0.07260275,-0.048303276,-0.033724535,-0.12169743
0.06158803,0.157626,0.16397083,0.064556345,0.019269045,0.1316722,0.015638826,0.016381552,0.012449245,0.0831323,0.094415225,0.09530416,0.036466237,0.015403747,0.2317462,0.044686817,0.54900503,0.19616552,0.08529813,0.09250854,0.15072222,0.0031757322,0.026977539,0.08775794,0.013942235,0.012252512,0.017957775,0.1409478,0.017735977,0.056547944,0.052706193,0.026969299,0.008875432,0.0065755215,0.090099886,0.06058672,0.040159315,0.06058672,0.004030313,0.010999531
0.013993228,0.1370365,0.09600187,0.050804786,0.16456665,0.2830752,0.017756276,0.13760553,0.13804811,0.13903466,0.025966328,0.019266944,0.07982656,0.03357717,0.19433703,0.16311859,0.27376333,0.19461735,0.39372018,0.02934547,0.3957704,0.068341665,0.0814014,0.030791936,0.04764768,0.16019638,0.12177162,0.35303313,0.2319508,0.18036428,0.14439446,0.18887602,0.34182283,0.3663993,0.22064766,0.33234498,0.11973838,0.33234498,0.30019188,0.2455091
0.0030920135,0.027102789,0.010526013,0.0055197463,0.0006904346,0.3988998,0.0036095122,0.0011833215,0.0025658403,0.00086489745,0.003156203,0.0034028532,0.0075113713,0.020972436,0.27439436,0.0002234455,0.025986258,0.00062320684,0.0015258631,0.0011277847,0.020600595,0.002500093,9.3479095e-05,0.008753914,0.0019833676,0.0027562105,0.0020729108,0.060489953,0.00096152327,0.022740759,0.00036065115,-0.0008514854,0.034151666,0.060870532,0.0014589314,-0.00085410016,0.00013088972,-0.00085410016,-2.913646e-05,0.00060147187
0.0076584723,0.27874592,0.29471257,0.35381198,0.3089327,0.088694565,0.0066510728,0.50378007,0.55646574,-0.13769202,0.016701268,0.0011267583,0.36007828,0.16526729,0.0159486,0.2701632,-0.23718181,-0.06787813,0.08578656,0.43590087,0.040175278,0.6180643,0.4939887,0.46806678,0.5177654,0.54444015,0.43393713,0.021302119,0.25794858,0.188739,0.42899406,0.46227667,0.24371685,0.22643784,0.3199846,0.41477388,0.17663144,0.41477388,0.20794445,0.10625011
-0.033197474,0.48457077,0.49848366,0.03305672,0.69041884,0.053019226,-0.03754884,0.24500602,0.342672,0.13594447,-0.010616457,-0.033897806,0.17760967,0.19897904,0.42534703,0.006054189,0.3323915,0.2373842,0.05519299,0.21552515,0.038258992,0.14365779,0.0061391923,0.26446924,0.0070283827,0.32017982,0.17283548,0.040023796,0.03983483,0.051088065,0.0013721513,0.0013564414,0.011085715,0.02135674,0.021289703,0.00019574391,0.09624449,0.00019574391,0.43068022,0.22331098
-0.008159706,-0.0011745001,-0.0012286373,-0.00032015942,-0.049430195,-0.001233775,-0.0102724675,-0.0025422114,-0.005377159,-0.018324072,-0.0059144003,-0.007447076,-0.0014209433,-0.0026068005,-0.022399034,-0.0033877895,-0.23687015,-0.266347,-0.000104281615,-0.004729713,-2.4055922e-05,-0.0028275838,-0.0014030659,-0.004721007,-0.0019811844,-0.005460394,-0.0015014005,-4.9025137e-05,-0.0007903279,-9.2689974e-05,-0.0013286809,-0.0012051539,-0.00054048764,-0.0004870867,-0.00046313988,-0.00054737774,-0.0019026344,-0.00054737774,-0.00013310967,-0.00012184757
0.022139799,0.004607372,0.002468757,0.009919573,0.013122971,0.08683618,0.007971558,0.010224647,0.029699557,0.062002704,0.019861382,0.13975182,0.009050825,0.010603396,0.43823162,0.014018915,0.80082047,0.49329245,0.0037979465,0.015364296,0.036858287,0.011618427,0.011950004,0.01442665,0.01647621,0.02330051,0.0061205383,0.096107356,0.012522422,0.00020210889,0.023635194,0.0033584672,0.0029841007,0.0018836944,0.011045177,0.064756304,0.008925329,0.064756304,0.0022274677,0.004645343
0.012698623,-0.39231873,-0.30157152,-0.08589898,0.0766053,-0.026653692,0.012857002,-0.04323836,-0.15438414,0.059996422,0.011975849,0.013270881,-0.071786605,-0.1260399,-0.2901922,0.03197502,-0.033136,-0.040435143,0.020450316,-0.06292235,0.07434359,-0.076154165,-0.06904396,-0.27393013,-0.10731367,-0.122268215,-0.04427569,0.07464786,0.072889246,-0.0031553875,0.043952998,0.02556605,0.07722518,0.06102206,0.03896215,0.013530695,0.04177539,0.013530695,0.14543861,0.118922636
0.022196742,0.0066484204,0.008726323,0.03271973,0.009035683,0.26224908,0.011721992,0.024511466,0.020324776,0.01443797,0.026091345,0.039787784,0.047410123,0.0005594568,0.012609034,0.051496048,0.6112763,0.0026715181,0.12166825,0.023235822,0.5017805,0.023052456,0.025867062,0.019599013,0.017807933,0.023972815,0.033268925,0.3939593,0.019533277,0.0062526916,0.035514854,0.03336581,0.0087599,0.011443591,0.02606118,0.03749393,0.01810158,0.03749393,0.00222812,0.0036097034
-0.017785462,0.03906422,0.03697058,0.008433411,-0.029791221,-0.10199238,-0.012331499,0.025561715,0.13460411,-0.0074140606,0.0053643105,-0.022787299,0.007583735,0.08119833,0.051627893,-0.010308446,-0.10855742,-0.052711036,0.02387184,0.009124604,-0.10595733,0.13885191,0.07750857,0.02361012,0.1845104,0.13477734,0.013548731,-0.08390707,0.016087828,0.5475277,0.049856383,0.05294087,0.2933149,0.44670397,0.16093825,0.1303599,-0.023088591,0.1303599,0.17027725,0.10572884
-0.0135490615,-0.27656007,-0.29547635,-0.23424344,-0.15507504,-0.024962861,-0.0073715053,-0.072760835,-0.080692634,-0.021741329,-0.0038585903,-0.018135415,-0.067759715,-0.080268726,-0.04409761,-0.17659283,-0.39345244,-0.36870405,-0.011194914,-0.12786129,0.0074720774,-0.35052297,-0.22356327,-0.16353597,-0.20494354,-0.09972639,-0.09567991,0.0049365116,-0.11965509,0.9933191,-0.03336109,0.21395835,0.7339098,0.79410195,0.70871043,-0.11807957,-0.07938964,-0.11807957,-0.23490883,-0.16375795
-0.0055987802,-0.00039058537,-0.00065522705,-0.0051657925,-0.04620825,-0.009256352,-0.0011708449,-0.004581408,-0.00026579332,-0.020435423,-0.017304353,-0.009849123,-0.004099295,-0.010324641,1.2677722e-06,-0.43881258,2.83979e-05,0.00023707244,-0.72876,-0.001183252,-0.82914245,-0.0015310874,-0.0020194268,-0.00030887328,-0.0009861464,-0.0005178193,-0.009474508,-0.8142507,-0.29500356,-0.75605005,-0.46638453,-0.48398286,-0.3203428,-0.33424556,-0.56441784,-0.5874187,-0.24269745,-0.5874187,-0.3740359,-0.3032847
-0.008696893,-0.6648737,-0.5039187,-0.005045277,-0.0018883834,-0.0016630777,-0.0026981246,-0.0068187444,-0.00067177997,-0.0012890396,-0.026194762,-0.013727494,-0.0011973338,-0.004756707,-0.00021900142,-0.0010174017,-0.00062304514,-0.00012309536,-0.006338629,-0.0038285146,-0.002264701,-0.00061741116,-0.021561893,-0.16677156,-0.0013790313,-0.00270208,-0.04614761,-0.0011190159,-0.00010594414,-0.1637001,-0.0011255664,-0.12132716,-0.06636409,-0.0048175626,-0.014530326,-0.012009994,-0.0012242711,-0.012009994,-3.415085e-05,-5.4148884e-05
-0.21560885,0.3522204,0.3933082,0.0938193,0.024310602,-0.23058586,-0.24667664,-0.07788928,-0.19619004,0.16508353,-0.22393142,-0.047935158,-0.35050732,-0.12714253,0.2199114,-0.2892695,0.061528765,0.087635495,-0.20581092,-5.7078538e-05,0.06953166,0.35176203,0.1517554,0.07460615,0.18360238,-0.1884468,-0.07902951,0.14412028,0.02397708,0.486878,-0.07690434,0.031141613,-0.05587047,0.16716203,0.0049361615,0.1582478,-0.32322708,0.1582478,-0.10339293,-0.10793457
0.010574715,0.7383963,0.71627825,-0.012915549,0.32815978,0.042102445,-0.0024618218,0.4901257,0.25206357,-0.0041031833,0.02026616,0.0147370035,0.26008484,0.35677218,0.36044046,0.14735721,0.25171587,0.13712487,0.28998896,0.257496,0.21766616,0.034491576,-0.05230173,0.4728551,-0.012297871,0.2586384,0.5719261,0.26258475,0.018575441,-0.36081555,0.009712991,-0.23706385,-0.19510582,-0.12898223,-0.31352544,0.226067,0.12162341,0.226067,0.3069925,0.17387308
-0.20416555,-0.9952215,-0.9979221,-0.11724499,-0.6264184,-0.034292523,-0.22953531,-0.52234423,-0.60490566,-0.18912828,-0.23945522,-0.1889506,-0.17864779,-0.7746469,-0.2873916,-0.23284757,0.8921789,0.8829293,-0.8406749,-0.70403,-0.823783,-0.71717685,-0.60165364,-0.78306437,-0.6024328,-0.6363558,-0.37696484,-0.8034488,-0.3059857,-0.9406484,-0.44628286,-0.664557,-0.60854375,-0.68914163,-0.5280373,-0.66554624,-0.39684132,-0.66554624,-0.37339303,-0.26850367
0.09313787,0.5326625,0.5458714,0.1353586,0.03244808,0.11491977,0.39094815,0.045097884,0.058493778,0.07536881,0.048165437,0.039866555,0.17387095,0.11037768,0.0976901,0.0074810777,0.19275263,0.043619633,0.0044805137,0.36991596,0.007579391,0.11147103,0.04329176,0.32139504,0.08972613,0.036492683,0.049312063,0.00933047,0.0051437584,0.0029266807,0.005971579,0.0056095957,0.0087230615,0.016226504,0.00407684,0.0018015612,0.0042541064,0.0018015612,0.0022839531,0.0020955175
0.12509035,0.00093646254,0.0007881722,0.0030474106,0.001118126,0.06327003,0.14966619,0.0012259212,0.020990735,0.05495992,0.076274686,0.16313806,0.0026705894,0.0010076818,0.12065892,0.0014421815,0.4030352,0.02436961,0.0005281896,0.0045246873,0.00043118684,0.0020570103,0.0024288213,0.004866649,0.0020429096,0.025478236,0.0014938671,6.588566e-05,0.00010199879,-0.00019919271,0.0010519342,0.0005116048,0.00020910529,0.00027864974,0.0012247408,0.0015889581,0.0014005199,0.0015889581,3.2251868e-05,5.4516946e-05
0.013620262,0.00028301877,0.00040611366,0.00011301314,0.0006209504,0.013058813,0.0033317243,0.00041153686,0.0010587651,0.0014150166,0.014272024,0.024645377,0.0006632021,0.0030815373,0.00035749964,0.015820647,0.5213909,0.000118040116,0.0002691887,0.0016286545,0.00027222585,0.0005011759,0.00044904387,0.0009907382,0.0003598271,0.0012364094,0.00050237274,0.00031238626,0.003150225,0.004134233,0.0043724426,0.005156927,0.0043274006,0.0025280728,0.004395375,0.0052840533,0.014173574,0.0052840533,0.000256039,0.00022806763
0.038967717,0.04376242,-0.0029529736,0.039310817,0.027168265,0.4084894,0.058755364,0.023390738,-0.08633043,-0.025452653,0.041366618,-0.010133339,0.21167749,-0.030176835,-0.16877766,0.06710789,0.49347728,-0.15147285,0.7151093,0.042884585,0.73040533,0.05601335,-0.015216564,0.008312069,0.038214244,-0.051581822,0.07518661,0.78138304,-0.09879498,0.3380766,-0.056668222,-0.06907549,0.16819222,0.23886067,-0.071599595,-0.089707986,0.059204403,-0.089707986,-0.19318998,-0.13900037
-0.072594434,0.010634452,0.035290282,-0.025171617,-0.18097982,-0.10696128,-0.7698,0.24646576,0.14007106,-0.23450036,-0.010601631,0.08455056,0.14375249,0.3891976,-0.0059998073,-0.18919055,0.121761896,0.026519496,-0.31691295,-0.026049038,-0.585397,0.35328364,0.25617707,0.06333795,0.3066265,0.13357821,0.20626532,-0.65339637,-0.018419947,-0.2869145,-0.054399192,-0.34247124,0.36049548,0.54271114,0.041101243,-0.07615806,0.070914656,-0.07615806,0.2540958,0.2887047
0.3017966,0.0089503685,0.22360666,0.3021053,-0.503103,-0.1284274,0.3657077,-0.7463103,-0.49114177,0.27909043,0.24489017,0.32614693,-0.053129252,0.683748,0.72184503,-0.13975054,-0.68867,0.074103735,-0.15016736,-0.41315436,0.31506976,-0.74106205,-0.77341825,-0.6528898,-0.785543,-0.52792233,-0.7517744,0.55492884,0.0836524,0.6135993,-0.043967403,-0.30672237,-0.5076207,-0.4728492,-0.44412008,-0.30927753,0.008655041,-0.30927753,-0.4760339,-0.26906592
0.0760339,-0.09420487,-0.109004855,0.814244,0.372724,0.14960137,0.1190633,0.39810154,0.057704266,0.09538977,0.04332041,0.104537115,0.09131129,0.53890234,-0.6726244,0.27764875,-0.056024823,0.028390717,0.15284188,-0.016472604,-0.019620176,0.21342926,0.22957845,-0.1848793,0.21838833,0.17753254,0.42967793,-0.029189376,0.5219469,-0.33552223,0.40445864,0.5755696,0.02123016,0.1869663,-0.20759435,0.23766823,0.4059257,0.23766823,0.35537174,0.25723708
-0.021625876,-0.06503718,-0.041145395,-0.0017176565,-0.31407088,-0.010331141,-0.019125724,-0.006963483,-0.010356414,-0.029027209,-0.015582931,-0.028981945,-0.0025207552,-0.0066286027,-0.023622438,-0.0027398325,-0.18774517,-0.15268703,-0.0024746114,-0.008502935,-0.019946,-0.023654947,-0.021310417,-0.025961306,-0.021828117,-0.013297535,-0.0049436865,-0.013549635,-0.016340978,-0.020209664,-0.019493425,-0.023145584,-0.017982513,-0.014951792,-0.0077620386,-0.01407721,-0.006210192,-0.01407721,-0.0053622387,-0.009988238
0.031224838,0.18008462,0.15811113,0.09423154,0.17705987,0.03437764,0.008859567,0.12872945,0.19654338,0.081425965,0.04222362,0.04804767,0.13270974,0.15498671,0.20364147,-0.71737546,0.055292025,0.14065121,-0.022007672,0.10245863,-0.106782146,0.13827045,0.1496541,0.14499046,0.13973594,0.18378551,0.13280945,-0.11394433,0.13370994,0.114965044,0.13482307,0.14755143,0.119263425,0.15200803,0.17155907,0.08980042,0.1153455,0.08980042,0.22509934,0.1701175
-0.02599555,-0.16533719,-0.16362719,-0.25534403,-0.19790094,-0.19734079,-0.027207686,-0.3456899,-0.22371937,-0.048712436,-0.02383729,-0.043014266,-0.19245705,-0.35809466,0.04368104,-0.12332419,0.71251136,0.5561353,-0.34227276,-0.066943,-0.104160346,-0.18082786,-0.18899454,-0.17430037,-0.19195198,-0.22653966,-0.35966074,-0.06527018,-0.043415796,-0.7520733,-0.07786593,-0.1746899,-0.14929333,-0.23651877,-0.24487163,-0.34519437,-0.050399117,-0.34519437,-0.13449463,-0.11842188
0.097105645,0.23138642,0.23585962,0.041016392,0.023347044,-0.1182141,0.073353246,0.06805006,0.058853235,0.043397788,0.08729034,0.12787518,0.0047306744,0.20197561,0.09553396,0.081074595,-0.3350452,0.11019466,-0.081799,0.058988426,-0.059189178,0.07463387,0.19027047,0.19427249,0.10605802,0.05180409,0.0743969,-0.06092929,0.017864788,-0.0069537545,0.016220853,0.037230376,-0.061138537,-0.023811135,0.007184143,0.0201982,0.00093776075,0.0201982,0.08178258,0.05633532
-0.28780675,-0.058417466,-0.05174687,-0.7298611,-0.8037816,-0.3330448,-0.17355129,-0.6856304,-0.6608886,-0.319878,-0.363751,-0.38721758,-0.42124647,-0.011806492,-0.10772305,-0.6323692,-0.31877628,-0.048217364,-0.53821534,-0.37600905,-0.5971516,-0.7207516,-0.6470245,-0.52860475,-0.68329227,-0.68561256,-0.7230153,-0.581461,-0.02717692,-0.3542405,-0.057816632,-0.16707802,-0.08122101,-0.15763992,-0.0765792,-0.10234546,-0.09708123,-0.10234546,0.0034869516,-0.017222516
0.04551773,-0.22467145,-0.25603026,-0.07205493,-0.5812855,-0.109430134,0.09280348,-0.22375125,-0.22217861,0.019765021,0.028572036,0.0016345344,-0.13438815,-0.31131583,-0.0947768,-0.0036695166,-0.021611324,-0.060744964,-0.42080075,-0.07206519,-0.09701356,-0.10173863,-0.07337686,-0.12743866,-0.13728507,-0.19673164,-0.29051423,-0.043500144,-0.3002732,0.3372942,-0.2630627,-0.41878814,-0.4787341,-0.4464085,-0.008626037,-0.07810892,-0.010447243,-0.07810892,-0.46878985,-0.5632927
-0.413638,0.01612514,0.010127031,-0.1650394,-0.50865436,0.0032712084,-0.39220566,-0.25279546,-0.36442837,-0.078147635,-0.37731412,-0.49975187,-0.151455,0.28524113,-0.5113449,-0.115136266,-0.35538122,0.3068276,-0.0831072,-0.09850837,-0.022082752,-0.3304168,-0.22749928,-0.23328862,-0.30454057,-0.38281396,-0.19438058,-0.017820409,0.38209033,0.015744142,0.0380659,-0.079438,0.6460831,0.69714385,0.28533342,-0.3644692,0.20651002,-0.3644692,0.16900812,0.17807561
0.4626175,-0.26865357,-2.950028e-05,0.6082477,0.76615816,0.5371572,0.532621,0.79692477,0.81472456,0.8068474,0.39261097,0.20883116,0.84401107,0.05574369,0.6634862,-0.21943103,-0.5929219,0.5012489,0.056260914,0.8323765,0.3913286,0.8868585,0.562953,0.5047825,0.7619926,0.7437545,0.6787487,0.49038056,0.8191429,0.3814735,0.90252316,0.7763725,0.35777962,0.7815925,0.8404423,0.86283505,0.7245116,0.86283505,0.74954474,0.63967276
0.16746967,0.15278801,0.11888485,0.5560648,0.4638558,0.45649788,0.16242148,0.48238355,0.49688244,0.2129887,0.17282823,0.20344064,0.2675379,0.19544359,0.4125824,0.18626362,0.18934214,0.09306976,0.38319215,0.1817375,0.39435005,0.30652025,0.2337392,0.12800527,0.25051537,0.5061992,0.47025433,0.39494744,0.18719275,0.72424185,0.40928265,0.41589096,0.34521458,0.3669253,0.24957016,0.44142768,0.19554329,0.44142768,0.22777914,0.1406521
-0.008189753,-0.52671975,-0.46353135,-0.47386006,-0.037802108,-0.28461838,-0.0072560357,-0.25629452,-0.5977326,-0.011843348,-0.0047627036,-0.006432323,-0.4139332,-0.49596977,-0.36483625,-0.060709424,-0.20812678,-0.043346167,-0.19378014,-0.1776981,-0.016916199,-0.3417284,-0.41852334,-0.4779515,-0.6406096,-0.5654698,-0.3408541,0.03853635,-0.005618537,-0.016579548,-0.037856776,-0.07152795,-0.12872131,-0.21208696,-0.042900503,-0.01331538,-0.05870729,-0.01331538,-0.017546913,-0.014854771
0.009246658,0.26465467,0.29346237,0.09385727,0.54526305,0.38279298,0.002194142,0.6400393,0.5016402,0.061766785,0.02170557,0.0126554305,0.45242348,0.13737138,0.065272644,0.21449551,0.5848188,0.2497896,0.59040135,0.24422717,0.4865073,0.50518715,0.76686114,0.334339,0.5660401,0.5718878,0.68180627,0.29568663,0.2970013,0.64711916,0.38284707,0.83952445,0.46749076,0.54265773,0.41760567,0.1798618,0.31313834,0.1798618,0.38560006,0.38974327
-0.29415172,-0.083338335,-0.09184499,-0.04514707,-0.041870087,-0.36282465,-0.21636428,-0.08255797,-0.10499896,-0.17297477,-0.3417539,-0.2755377,-0.110137455,-0.054097958,-0.501186,-0.15488519,-0.25055546,-0.016816283,-0.14122853,-0.17962682,-0.3326313,-0.05699722,-0.0827061,-0.11686729,-0.097190015,-0.097374365,-0.08360359,-0.35477445,-0.05208613,-0.21021548,-0.23190181,-0.18692961,-0.3284455,-0.3322352,-0.040005106,-0.082927175,-0.051631678,-0.082927175,-0.009099527,-0.018474702
0.0020850326,0.000116058574,0.00014775002,3.6070414e-05,9.76854e-05,0.0035183087,0.014956617,2.8387774e-05,3.04161e-05,0.00093523995,0.0024323817,0.0022169566,8.059626e-05,0.00019570372,0.001395321,0.9186279,0.00012847755,0.00019719517,0.00020009806,0.00028823948,0.0016491325,3.6879803e-05,2.3450835e-05,0.00010995435,3.278659e-05,3.549692e-05,3.1250434e-05,0.0018470488,0.0003029234,0.00040896292,2.4807947e-05,1.9552228e-05,7.762004e-05,6.683487e-05,1.36277695e-05,2.7971117e-05,0.00061326777,2.7971117e-05,6.481242e-05,0.00024887535
0.0036955168,0.093279265,0.07532561,0.084497824,0.16673706,0.092303544,0.009888991,0.1198905,0.14692397,0.008254173,0.009118078,0.00026219242,0.19531764,0.08418472,0.037110563,0.1281693,0.1377054,0.10195999,0.040611092,0.06671484,0.04269398,0.27289644,0.14475802,0.08082339,0.20698288,0.14027432,0.10883526,0.060651023,0.09106951,0.4176738,0.05849657,0.04222993,0.06045274,0.063127354,0.0793173,0.060548324,0.050184622,0.060548324,0.043191876,0.052652307
0.021102719,0.03960642,0.0571969,0.043716706,0.16676296,0.011825808,0.012211931,0.1378867,0.14268516,0.0708567,0.03392402,0.023692943,0.05272603,0.13114017,0.0844796,0.14593656,0.121494025,0.124711625,0.09978764,0.08538871,0.09198364,-0.15131679,-0.14064202,0.13600679,-0.14374544,0.10439169,0.13278751,0.07632708,0.04045093,-0.040209983,0.088074714,0.0018382707,-0.17088707,-0.20089348,-0.17105226,0.09234877,0.079581104,0.09234877,0.15609992,0.12550358
-0.9238769,-0.9703412,-0.97200733,-0.99464417,-0.99142027,-0.99207336,-0.94077,-0.9867456,-0.9948693,-0.9784901,-0.90444565,-0.9204913,-0.9947524,-0.94844276,-0.99793214,-0.99245363,-0.965109,-0.99679285,-0.9757537,-0.99166286,-0.98494893,-0.99619645,-0.98349595,-0.9670253,-0.98988503,-0.99201155,-0.9795294,-0.9877489,-0.99831766,-0.5077201,-0.992398,-0.98053724,-0.8852915,-0.9345959,-0.93054944,-0.99044263,-0.9952618,-0.99044263,-0.99927604,-0.9975799
0.0006268507,0.12384275,0.16533707,0.27941144,0.19585635,0.0710006,0.0015599205,0.13052225,0.2697449,0.0025392459,0.006350204,-0.01788846,0.10234162,0.42578983,0.31908765,0.08789664,0.20157565,0.24322996,0.038029376,0.13208435,0.035446912,0.1251404,0.14570232,0.18571335,0.16159265,0.24925724,0.1388404,0.058269676,0.0646034,0.053589627,0.108349845,0.20377791,0.062244415,0.06416992,0.048754748,0.19811286,0.04454307,0.19811286,0.24056843,0.12610458
-0.02611236,0.3559726,0.35915965,0.11345785,0.38302726,0.006450317,-0.035665736,0.05455774,0.11872142,0.0017932925,-0.017139282,-0.028592397,0.016408559,0.04026074,0.0424581,0.14646128,-0.05217776,-0.012726604,0.12015544,0.025522675,0.17353654,0.07148269,0.067507386,0.07273534,0.06558989,0.1588285,0.06325131,0.13899574,0.05486315,0.32464087,0.120631054,0.23762281,0.07151018,0.07624706,0.38465142,0.4072752,0.062978454,0.4072752,0.081934474,0.03761279
0.12800787,0.00010964042,0.000111781286,3.0697356e-05,3.5427458e-06,-0.00061894435,0.15674299,4.75162e-06,1.9849063e-05,0.0006494653,0.07052885,0.13906197,-1.2494335e-05,0.00039071057,4.3607065e-06,2.5391422e-05,6.38097e-05,1.5891665e-05,-1.3112768e-05,0.0001264428,-0.00010858256,-1.3495529e-05,9.3430295e-05,0.00014828939,1.8525327e-05,5.6490935e-05,3.589861e-05,-0.00012588057,9.795051e-07,7.173789e-05,1.1543271e-05,0.0002639406,-8.573239e-05,-7.17811e-05,4.53422e-05,-1.2605067e-06,1.8861307e-05,-1.2605067e-06,-6.64811e-07,-1.0439185e-06
0.043296333,0.4454578,0.39650682,0.34203532,0.11911694,0.3855551,0.04568907,0.33792344,0.27060065,0.08075599,0.036740065,0.047578685,0.551627,0.23790069,0.28541055,-0.0757009,0.38896072,0.30970573,0.46701893,0.20200266,-0.45948362,0.33517498,0.35131902,0.40221733,0.25824344,0.23097874,0.39197072,-0.50857854,0.10791312,0.3063194,-0.0559928,0.015927723,0.40997893,0.43384033,0.16778067,-0.44497085,0.11625732,-0.44497085,0.22776152,0.2000784
0.013804617,-0.19542186,-0.20326087,-0.29755577,-0.35826823,-0.40731645,0.011424077,-0.55814946,-0.30292422,-0.42899588,-0.004652401,0.0128554795,-0.50912344,-0.091361344,-0.16554183,-0.14938422,-0.19617112,-0.2086364,-0.5578499,-0.34317958,-0.65941316,-0.4292937,-0.32719418,-0.3262701,-0.3477938,-0.3444779,-0.5384368,-0.6764317,-0.2616557,-0.10895009,-0.2201343,-0.09273446,-0.1877737,-0.2022333,-0.16123824,-0.38394094,-0.25246766,-0.38394094,-0.18522382,-0.09665513
0.0543746,-0.0021766091,0.008620523,0.007373714,-0.02658076,-0.034239344,0.096641034,0.023627043,-0.027299035,0.35275647,0.041923232,0.0741646,0.023947395,-0.019767046,-0.25237572,0.0056826086,-0.41273394,-0.1858521,0.01025657,0.078384615,0.014242509,0.0771643,0.037610676,0.023147214,0.042648673,-0.0060209604,0.013901299,0.009751683,0.013452124,0.0012032,0.012822658,0.0042295107,0.00052650244,-0.0015498374,0.002935961,0.0032757928,0.007360329,0.0032757928,0.009099367,0.00879601
0.76324403,0.96143794,0.9112932,0.77454174,0.8575309,-0.62047184,0.7884504,0.7511466,0.75218415,0.8380641,0.80221206,0.6964992,0.65187156,0.12650302,0.9311384,-0.07301429,-0.7376365,0.40949368,-0.23964192,0.8418557,-0.4368604,0.80843544,0.840537,0.84720266,0.7935358,0.7663034,0.75252336,-0.5099689,0.94971746,0.7092756,0.8772331,0.89160246,0.88020176,0.9166275,0.87329686,0.8625572,0.86569303,0.8625572,0.844163,0.88362247
-0.0122312615,-0.00582523,-0.0058178636,-0.0091843,-0.015523365,-0.009378557,-0.010415671,-0.043913636,-0.016266087,-0.018325718,-0.009021385,-0.044147246,-0.008370219,-0.078532666,-0.03841572,-0.008686793,-0.0037043185,-0.0028819721,-0.008448167,-0.004410726,-0.02378847,-0.024629915,-0.034650553,-0.011905487,-0.028963866,-0.019645099,-0.039141357,-0.026404267,-0.0055478625,-0.6804743,-0.020801881,-0.022961328,-0.5609268,-0.30698368,-0.01725775,-0.0139255915,-0.0037294677,-0.0139255915,-0.0062330235,-0.004018077
0.1983726,0.9117243,0.8820711,0.9381046,0.4381969,0.64276874,0.05872217,0.9195735,0.9456335,0.14966443,0.23782189,0.240045,0.7531046,0.5165525,0.8734951,0.005609934,0.4601064,0.43144262,0.4654681,0.5449805,0.5184367,0.92861354,0.8859385,0.6799033,0.9198545,0.951515,0.88601774,0.38510436,0.0120484615,0.7952931,0.7091308,0.63869166,0.3767695,0.5970434,0.6243795,0.7571726,0.013299794,0.7571726,0.013815232,0.010520124
0.21328953,0.97296184,0.94757706,0.2155224,0.87969565,0.060479384,0.13437393,0.59963953,0.08304879,0.35224646,0.25642973,0.36217645,0.54069483,0.5247342,0.0069826553,0.38757667,0.010840576,0.18279293,0.7724648,0.7395737,0.85198754,0.8132134,0.6652508,0.89223915,0.7761383,0.05079308,0.61835116,0.75943017,0.105797365,0.8685223,0.7179024,0.6908989,0.3329252,0.46685562,0.23794985,0.7491236,0.30650136,0.7491236,0.7792165,0.64442575
-0.05078532,0.5029848,0.4974709,-0.6827904,-0.849965,-0.0018494485,-0.017179554,-0.14579041,-0.6278207,-0.33916715,-0.07309225,-0.07000812,-0.3262886,0.7743688,-0.76525205,-0.0009179472,-0.09703212,0.3802249,-0.0013786984,-0.54726326,-0.00012715619,-0.79461855,-0.79571414,-0.8317028,-0.8366466,-0.60594285,-0.15792555,-4.9976017e-05,0.1816195,-0.6429678,-0.5454231,-0.6291461,0.11106338,0.19171557,0.17414416,-0.06602693,0.14930603,-0.06602693,0.3509274,0.14654744
0.04116649,0.07666431,0.066035695,-0.17548913,0.106751055,0.10322436,0.038130984,0.13941056,0.090339266,0.057214085,0.04873474,0.03371622,0.1044827,0.08321261,0.059557598,0.06181059,0.16140626,0.11137972,0.18298173,0.08030187,0.12331197,0.12793522,0.10675795,0.12689163,0.11314815,0.09027811,0.12879469,0.114981346,0.031383827,0.14438164,0.051225465,0.0785538,0.11422697,0.11869686,0.10743287,0.059904195,0.065883696,0.059904195,0.078183405,0.053826455
-0.062027663,3.514302e-05,7.16753e-05,-0.006071866,-0.032722253,-0.015081604,-0.020389786,-0.023665197,-0.056434374,-0.31307858,-0.09091764,-0.26865864,-0.008197667,-0.44609523,-0.2492598,-0.2713571,-0.075392045,-0.43449846,-0.012940101,-0.004785737,-0.02508897,-0.059530035,-0.0026918533,-0.00095915975,-0.009688392,-0.044028364,-0.006988369,-0.020288715,-0.4071912,-0.08213198,-0.011906936,-0.0037228263,-0.30189076,-0.13712542,-0.047413606,-0.0040747286,-0.20192322,-0.0040747286,-0.824242,-0.74299407
-0.047211032,-0.0013872583,-0.0019006325,-0.00071569375,-0.0025211796,-0.001968127,-0.10435365,-0.0006765624,-0.0011407938,-0.0037903178,-0.022344805,-0.024117311,-0.003886861,-0.0031290473,-0.0044241785,-0.008389064,-0.0002693139,-0.0005303359,-0.0030592838,-0.0054502077,-0.00064707716,-0.0025314162,-0.0023986176,-0.002264212,-0.003584929,-0.0008099295,-0.0005248722,-0.0005854697,-0.0009796835,-0.0040898095,-0.0068099173,-0.00094231433,-0.0014532035,-0.0019853683,-0.00272831,-0.029288104,-0.004135062,-0.029288104,-0.00034531916,-0.0010620694
0.012273548,0.0030557981,0.003741647,0.035872597,0.023952806,0.045552462,0.01686882,0.042267833,0.01636553,0.015037007,0.0125866225,0.007839529,0.01886986,0.014511675,0.005341955,0.024945492,0.02411954,0.0048245545,0.05865876,0.008780686,0.034301642,0.013220023,0.023636878,0.022385657,0.025669014,0.020352157,0.06390165,0.040062215,0.033855565,0.024786757,0.0040041255,0.012929044,0.015333869,0.016793264,0.0050716815,0.01725284,0.012497905,0.01725284,0.029292507,0.102384865
-0.018856404,-0.0025105763,-0.001410765,-0.0007997958,-0.004184101,-0.0050473996,-0.006660883,-0.0013122871,-0.0015617345,-0.0035266175,-0.012619498,-0.024412911,-0.0038568527,-0.00068501657,-0.0013279124,-0.0015095106,0.00029452806,0.0001426238,-0.0065638134,-0.0024828778,-0.0030291257,-0.0007924322,-0.0007875879,-0.0007538509,-0.0012718964,-0.0013990314,-0.0011906123,-0.0032950172,-0.0004163732,-0.0065763406,-0.00077478244,-0.0005107501,-0.00032668488,-0.00029091648,-0.0005075952,-0.0009531376,-0.000740531,-0.0009531376,-0.00017154636,-0.00035175838
-0.04351518,-0.3539294,-0.3129638,0.8713516,-0.4705172,-0.0811588,-0.00977809,-0.3536584,-0.39980906,-0.14602722,-0.10947986,0.006761612,-0.08483995,-0.22041821,-0.34875804,-0.25526172,0.07725759,-0.15230346,-0.051070273,-0.22069629,-0.08111782,-0.25729883,-0.25012174,-0.26120105,-0.24990846,-0.4433062,-0.32898155,-0.0969253,-0.121354654,-0.16994892,-0.22036679,-0.30357808,-0.18704961,-0.23550448,-0.22892548,-0.18973835,-0.16869517,-0.18973835,-0.059537087,-0.039151713
0.19646527,0.9264961,0.9444342,0.29676646,0.34753463,0.0019692087,0.08401319,0.24534066,0.44455016,0.25220206,0.27595687,0.1898244,0.058414742,0.6298517,0.041608527,0.12040829,0.0001016609,0.23533571,0.003000478,0.27709734,0.0010706182,0.46418798,0.5191907,0.5337372,0.57381994,0.46333408,0.24210712,0.00060163304,0.1989045,0.23189121,0.16125745,0.1232876,0.030313263,0.11173798,0.1474534,0.023553256,0.19696875,0.023553256,0.38551956,0.3552912
-0.11756451,-0.04726455,-0.08113284,-0.0683314,-0.05336624,-0.14528695,-0.33718333,-0.148679,-0.10491452,-0.09202767,-0.08582227,-0.057770763,-0.10724991,-0.14297423,-0.00533698,-0.76727664,-0.004187836,-0.0022288964,-0.26801535,-0.09558165,-0.21480069,-0.038479086,-0.056003865,-0.0962341,-0.038464215,-0.12013106,-0.16704507,-0.13175435,-0.22587825,-0.33406126,-0.071460225,-0.11090275,-0.061868664,-0.110553585,-0.06433997,-0.18437839,-0.43006927,-0.18437839,-0.3402042,-0.31258705
0.021852858,0.1614968,0.13798437,0.33128133,0.20677207,0.002124534,0.008182091,0.032572843,0.0888337,0.04904764,0.022842882,0.02315567,0.039146025,0.1303537,0.012348583,0.0014574169,0.011814075,0.14153308,0.0022758287,0.15847963,0.004000737,0.22894572,0.21169186,0.21591465,0.32333466,0.06984152,0.03229466,0.0041567083,0.06441425,0.25954965,0.17500989,0.20429373,0.03640514,0.08403449,0.06255976,0.0220557,0.029802866,0.0220557,0.06476853,0.0782158
0.25546876,0.88882387,0.90899694,0.037359267,0.76574266,0.0062960354,0.14924128,0.672557,0.007182319,0.42290726,0.32610837,0.33914614,0.48042026,0.72851324,0.0008186046,0.40360513,0.025425598,0.3388693,0.74349236,0.748314,0.63517094,0.4796567,0.26266545,0.6728549,0.026054977,0.007550347,0.5633941,0.5543192,0.5706513,0.95050216,0.44324905,0.5351677,0.7404787,0.6985576,0.70005584,0.6430429,0.2666208,0.6430429,0.84353554,0.8493487
-0.024486016,0.16341588,0.17914848,0.077490054,0.23936068,-0.24309272,-0.04189812,0.18052585,0.26630405,0.08781256,-0.0045112036,0.0056224437,0.16633348,0.1398971,0.026490884,0.23763798,-0.82948923,0.04819748,-0.04890721,0.11212374,-0.07975333,0.097082116,0.118254416,0.25615653,0.1143484,0.23869427,0.23044822,-0.05782941,0.027961867,0.36235413,0.10354752,0.16669916,0.36292952,0.5257423,0.044097878,0.123713195,0.08160408,0.123713195,0.04397827,0.05684274
0.03827438,0.10806913,0.10836867,-0.20303814,0.35765806,-0.29644218,0.0433961,0.056932263,-0.11840748,-0.0074554714,0.036630865,0.041525375,0.07091202,-0.123003356,-0.52648413,-0.023638582,-0.41735613,0.540567,-0.012804828,0.0861226,-0.089645006,0.10633545,0.0582841,0.15286568,0.11518868,-0.13492398,0.04596681,-0.23976131,0.012813726,-0.2391844,-0.02006604,-0.028849218,-0.055453666,-0.046941165,-0.0120603135,-0.008950552,0.00028219327,-0.008950552,-0.0075679496,0.02637807
0.06960038,0.6025211,0.57641965,0.45654228,-0.32341594,-0.2199768,0.03565363,0.262953,0.55834013,-0.05400082,0.08902145,0.124233,0.25681984,0.045259353,-0.22877067,-0.20488937,0.32939222,-0.14418359,-0.45138213,0.18332528,-0.34222996,0.45677444,0.45731243,0.46684885,0.49008963,0.55452025,0.29702362,-0.23841341,-0.59683925,-0.3441154,-0.35343045,-0.17590488,-0.52994895,-0.45279405,-0.42526275,-0.28273246,-0.40348032,-0.28273246,-0.71386933,-0.63835603
-0.00023488863,-4.1511333e-07,-1.0156524e-06,-0.00013494576,0.00013197432,-7.437891e-07,-8.637869e-05,-0.000106555104,-0.00016373771,0.014501266,-0.0002615765,-0.00036571926,-4.174803e-05,-6.685663e-05,0.00020266343,3.6497986e-05,0.22250356,0.1827616,4.6917357e-08,-0.00094678416,-1.3671338e-08,-7.798725e-06,-1.6219321e-05,-3.7870028e-05,-1.0988313e-05,-6.6591514e-05,-9.1495844e-05,-2.6622061e-08,0.00017123471,1.338494e-06,0.0013169791,0.00031422492,4.5672514e-06,3.2923708e-06,7.163277e-06,2.0703588e-05,-3.22645e-05,2.0703588e-05,5.120373e-05,2.2170361e-05
-0.011353984,-0.007601634,-0.008116627,-0.11455785,-0.57932794,-0.19515584,-0.0027976767,-0.3686598,-0.06453738,-0.1563012,-0.016828185,-0.011936059,-0.30373088,-0.06876123,0.0018659527,-0.0077483556,-0.23276487,-0.02145022,-0.060016222,-0.19923206,-0.09842419,-0.43913242,-0.44152427,-0.25969306,-0.43111476,-0.0659438,-0.3730472,-0.07706225,-0.398919,-0.14098933,-0.14758594,-0.19428526,-0.292725,-0.2867538,-0.032768257,-0.059210267,-0.21636888,-0.059210267,-0.052262444,-0.05462848
0.086908326,-0.5228293,-0.46698806,-0.39135218,-0.5986507,0.10141392,0.07784125,-0.4673447,-0.45685726,0.36423674,0.11117904,0.13716857,-0.2754181,-0.13369139,-0.10235453,-0.27520892,0.37308827,0.36168045,-0.0012366918,-0.16851664,0.047581077,-0.44852722,-0.44738945,-0.3713056,-0.48112836,-0.43801454,-0.45538586,0.051344834,-0.09283726,-0.44447768,-0.18326646,-0.43329638,-0.20215432,-0.29716432,-0.4045673,-0.5125948,-0.10705826,-0.5125948,-0.055669226,-0.036634635
-0.08420219,-0.29428694,-0.23929442,-0.020251008,-0.35142222,-0.17485115,-0.058609758,-0.14954773,-0.12718841,-0.14994326,-0.089128524,-0.1095614,-0.06313746,0.0010615301,-0.028939031,-0.1481012,-0.26675525,-0.086486995,-0.08630251,-0.049743187,-0.19600351,-0.08190909,-0.065890774,0.010172737,-0.030822946,-0.146821,-0.11639589,-0.14441292,-0.22842145,-0.071414225,-0.11142114,-0.15254995,-0.20720465,-0.16155143,-0.087967835,-0.24291788,-0.11273914,-0.24291788,-0.1636544,-0.1675206
0.108887106,0.04960873,0.045809794,0.1418233,0.09878906,0.117332846,0.12778576,0.11032371,0.15650582,0.07235917,0.09870727,0.12009372,0.08395679,0.057553533,0.102247894,0.12505996,0.040185284,0.031992644,0.07936956,0.0815321,0.07641181,0.064120226,0.062371645,0.073508255,0.06699495,0.14965627,0.105081014,0.08752586,0.08067959,0.1512653,0.113474175,0.12585662,0.0853207,0.07454294,0.13634796,0.10898882,0.0654984,0.10898882,0.052443046,0.046787295
0.03017289,0.016774569,0.009722379,0.0032737055,0.03754271,0.08256992,0.013331558,0.053011484,0.018244842,0.0069289817,0.045043845,0.027777342,0.0067962375,0.39225245,0.009011242,0.016873939,0.026189713,0.010140322,0.004053543,0.0020878506,0.046464235,0.014964311,0.059171356,0.020360123,0.046460323,0.022906175,0.06745226,0.023539362,0.0010616954,0.56877536,0.008813346,0.086263776,0.33425745,0.59771544,0.017620618,0.002479962,0.0019895455,0.002479962,0.0013543314,0.0009889753
0.015976815,-0.101874694,-0.10651226,0.004210893,0.0115057165,-0.1354742,-0.0018152472,-0.11963469,-0.44654754,0.010636068,0.019941302,0.008035473,-0.13871178,-0.23856653,-0.2699201,0.06534562,-0.7301116,-0.35197923,0.08249059,-0.06758176,0.06057416,-0.10316691,-0.09989271,-0.119949825,-0.05674726,-0.47504717,-0.054525968,0.039182108,0.11985631,0.13298638,0.09386169,0.09706388,0.015965551,0.013967229,0.10890312,0.083680466,0.07407489,0.083680466,0.17839788,0.17789601
-0.6188664,-0.99992585,-0.9971391,-0.5972554,0.29452515,-0.62040627,-0.55354947,-0.45296782,-0.6014826,-0.5941361,-0.6884885,-0.5140168,-0.76647174,-0.5738155,-0.8012591,-0.011232436,-0.7213119,-0.8907733,-0.9154053,-0.71577317,-0.933248,-0.7003308,-0.77728343,-0.81511927,-0.69992846,-0.67212117,-0.5809767,-0.9545492,-0.10848725,-0.6539255,-0.3271149,-0.56528974,-0.05896034,-0.23446822,-0.4903381,-0.80006266,0.012964111,-0.80006266,-0.6461644,-0.82418394
0.17045577,-0.27836093,-0.32479146,-0.20336331,-0.48598194,-0.54601586,0.20232329,-0.35519204,-0.3655768,-0.020337356,0.2785318,0.19407718,-0.31035456,-0.30383885,-0.38618547,-0.60188776,-0.5541461,-0.32331163,-0.26359776,-0.26613423,-0.5906346,0.61407036,-0.19309172,-0.31245202,0.27829924,-0.37276578,-0.37227425,-0.4615127,-0.53416467,-0.7486383,-0.3676962,-0.53833884,0.56874067,0.63361573,0.5780618,-0.48239198,-0.44487157,-0.48239198,-0.58690614,-0.46671718
-0.044054765,0.5143604,0.4570532,0.01246318,0.012054026,-0.020244405,-0.048457544,-0.06296867,-0.17400084,-0.027301079,-0.025046062,-0.12844057,0.10844516,0.077242024,0.055198383,-0.19435133,-0.09204222,0.037368517,0.05798998,0.20700942,-0.003017233,-0.117674425,-0.15596123,0.24926235,-0.13714771,-0.19209528,0.043007486,-0.01347409,0.04443231,-0.17699215,0.01668403,-0.021176953,0.06133343,0.06939726,-0.108311184,-0.095793165,-0.09396896,-0.095793165,-0.0010894133,-0.02415841
-0.13031949,0.009541236,0.006131248,-0.046033442,-0.09210398,-0.035145085,-0.053482786,-0.039198518,-0.056610156,-0.04980535,-0.1325238,-0.13682733,-0.034035504,-0.098776035,0.046422075,-0.40911344,-0.033609282,-0.057605397,-0.11398515,-0.039139755,-0.109908246,0.012751349,0.20536694,-0.04355315,0.20718691,-0.045048047,-0.05387272,-0.076539665,-0.05642548,-0.005353914,-0.17999826,-0.058254685,-0.038971554,0.0019436957,0.0051401607,0.90622973,-0.080312006,0.90622973,-0.04529655,-0.027110673
0.0011984578,0.040093485,0.035027027,0.10233787,0.03678226,0.07114438,0.002233298,0.07151505,0.07084553,0.023125254,0.0032226408,-0.0011108,0.07786423,0.011386129,0.21696168,0.022055963,-0.12640484,0.024582693,0.11871451,0.07070005,-0.30403858,0.0933851,0.09363863,0.13058837,0.08864276,0.07248013,0.071872324,-0.313987,0.026376743,0.3046179,0.06224395,0.08060988,0.0840168,0.08616257,0.046001673,0.073771045,0.041093383,0.073771045,0.021312568,0.021668194
-0.25049052,-0.008486816,-0.008484493,-0.029447526,-0.00032789362,-0.035357863,-0.3128478,-0.012354445,-0.006670468,-0.012187389,-0.15291345,-0.2451009,-0.01898746,-0.0027046297,-0.0069854846,-0.12914062,-0.034662697,-0.000839129,-0.07047721,-0.004394241,-0.057886027,-0.005406699,-0.007486971,-0.006070366,-0.009430819,-0.0067658387,-0.015641226,-0.061584275,-5.1153354e-05,-0.00024927763,-0.0022031046,-0.0027013607,0.00032105364,0.00029666402,-8.588071e-05,-0.019669425,-0.00061544107,-0.019669425,0.0002358116,-8.980114e-05
-0.0028633035,-0.000524145,-0.000550694,-0.0050878036,-0.0030317241,-0.035859857,-0.0022074392,-0.005587789,-0.007104638,-0.0017763088,-0.0023129024,-0.004677664,-0.007457968,-0.0002821083,-0.0011399415,-0.004327058,-0.010869555,-0.0016523452,-0.0040621357,-0.0032483677,-0.009246339,-0.0085207485,-0.0043362794,-0.004826739,-0.005049703,-0.0071496977,-0.005742115,-0.006339298,-0.0019794183,-0.00021135589,-0.010517881,-0.0068793744,-0.0010256671,-0.00074132334,-0.002817665,-0.080743775,-0.0013862691,-0.080743775,-0.0002023286,-0.00039645442
-0.044769358,-0.097105116,-0.08323625,-0.82118446,-0.16478881,-0.008635393,-0.035633475,-0.6155517,-0.7731867,-0.020243436,-0.0339418,-0.030517645,-0.38048646,-0.069136515,-0.33768338,-0.054701243,-0.002791575,-0.13264054,-0.013447947,-0.09254592,-0.0043682256,-0.47707546,-0.5169148,-0.35463655,-0.58786833,-0.69935614,-0.48015073,-0.004563433,-0.0010318423,-0.021740688,-0.026798492,-0.013418732,-0.0066722487,-0.0059808954,-0.009339784,-0.0565393,-0.011887361,-0.0565393,-0.0025563515,-0.0032993571
0.013544222,3.962026e-05,6.283745e-05,0.05041603,0.06399142,0.083505526,0.008646101,0.05439821,0.048049733,0.030969378,0.016540999,0.013498973,0.02122405,0.0233025,0.016464433,0.092682056,0.12466688,0.065831505,0.15755741,0.0013595466,0.19251491,0.030083677,0.115385585,0.0016001281,0.05092754,0.053267997,0.037514985,0.12594885,0.084642746,0.19745131,0.23699056,0.42656568,0.071027,0.058029704,0.10811558,0.40794662,0.042037822,0.40794662,0.060134877,0.11926094
0.11327709,0.022113135,0.021500671,0.0073222523,0.39942288,0.1313025,0.06897538,0.07199745,0.21364209,0.30118388,0.11610366,0.05240572,0.011159823,0.05344413,0.060198665,0.019813744,0.3252096,0.38615736,0.013435276,0.039803956,0.05700169,0.04248936,0.075390175,0.072548434,0.06902474,0.22673358,0.05376033,0.07743479,0.017906278,2.2698976e-05,0.10001279,0.037988983,0.0032042353,0.012184049,0.00029923586,0.046921108,0.015612596,0.046921108,0.082731865,0.11970793
-0.039589558,-0.080322474,-0.11072936,-0.008398496,-0.3402759,-0.0069375522,-0.04404464,-0.07354689,-0.02722549,-0.0754238,-0.033994567,-0.058320824,-0.028866908,-0.29307225,-0.00036899708,-0.81608266,-0.004967454,-0.018647458,-0.019712228,-0.023880837,-0.068247736,-0.07473011,-0.042321827,-0.014152617,-0.076976776,-0.04105053,-0.06810565,-0.13840656,-0.1955236,-0.8302453,-0.014715718,-0.011129329,-0.025541816,-0.03964071,-0.09452311,-0.056893207,-0.22013618,-0.056893207,-0.31168324,-0.26241314
-0.079250656,-0.002094324,-0.0047288984,-0.04175167,-0.10956149,-0.046812773,-0.154443,-0.020128513,-0.017552868,-0.09263924,-0.046066564,-0.10419919,-0.0070604575,0.0010497458,-0.0017912614,-0.10147594,-0.0038935628,0.0012874417,-0.095054224,-0.06833144,-0.24749053,-0.009505037,-0.01100007,-0.023976892,-0.011558404,-0.020357933,-0.018963281,-0.43134496,-0.031058202,-0.0045642788,-0.020568619,-0.0100258235,-0.015707275,-0.005944172,-0.011618307,-0.032435466,-0.04127418,-0.032435466,-0.004987952,-0.0020238748
0.16788201,0.47140068,0.41476038,0.040247127,0.39936003,0.47529882,0.008744954,0.25708023,0.23055354,0.3250461,0.20632583,0.18157855,0.30012855,-0.28097728,0.48802742,0.241513,0.27625394,0.45862806,0.19869894,0.30641887,0.46080542,0.28076944,0.23752688,0.28495058,0.2354528,0.24695204,0.25408205,0.564741,0.23015854,0.3665018,0.15958227,0.17219926,0.21764831,0.28046602,0.11038179,0.2684547,0.1303045,0.2684547,0.14537886,0.23999552
0.1209842,-0.66507024,-0.63952637,0.17955106,0.34491548,-0.30476543,0.19645691,0.29189155,0.08051843,0.18507835,0.11842056,0.109293655,0.06981565,0.0025630079,-0.3902585,0.5213629,-0.13703963,-0.18528472,0.2663851,-0.11710465,0.086038254,-0.029089767,0.17727627,-0.2937987,0.013024385,0.11736761,0.25649506,0.049646307,0.39617577,0.3841858,0.42318264,0.44879702,0.31809178,0.24446078,0.44601223,0.50293386,0.4021484,0.50293386,0.48980752,0.30684406
0.02278179,-0.5347529,-0.47954458,0.15099801,0.32402235,0.13444118,0.030869959,-0.28677803,-0.18229945,0.16806844,0.022459643,0.038856294,-0.09778427,-0.29862058,-0.27686805,0.26381043,-0.3657323,-0.29233724,0.46329716,-0.15036471,0.43593478,-0.25406504,-0.35679,-0.31960285,-0.3743049,-0.17164294,-0.302395,0.36335438,0.02685373,0.12265115,0.23898245,0.15489297,0.20703065,0.14694858,0.20209172,0.50007725,0.09446504,0.50007725,0.42871553,0.27931482
0.24687122,0.57756406,0.48591575,-0.13336435,-0.18813841,-0.20657845,0.24393359,-0.03913641,-0.4481603,0.011792664,0.23234297,0.258748,-0.35478538,-0.11584938,0.07816733,-0.3073649,-0.2897858,-0.18160671,-0.0865151,0.1803244,-0.14802884,-0.45964414,-0.31406114,-0.06629392,-0.4380958,-0.4093497,0.008415592,-0.23669289,-0.24521628,-0.69145596,-0.2711713,-0.35009345,-0.44453508,-0.6064875,-0.39268512,-0.51061404,-0.095450334,-0.51061404,-0.4991886,-0.4416584
-0.084255874,-0.026275791,-0.022978693,-0.0075864475,-0.03976074,-0.19312997,-0.15301728,-0.022542944,-0.053727664,-0.051839646,-0.06406703,-0.028196596,-0.033166964,-0.015581805,-0.065758325,-0.0027317384,-0.20244461,-0.017582474,-0.10489148,-0.059221037,-0.07785627,-0.03631517,-0.020615052,-0.058203615,-0.037741072,-0.04735617,-0.019687345,-0.107417494,-0.026509436,-0.003886559,-0.016641743,-0.005642224,-0.01233759,-0.013347757,-0.0027033172,-0.0020776417,-0.0054351445,-0.0020776417,-0.0029147426,-0.003854655
-0.098379195,-0.3509481,-0.33428726,-0.07381677,-0.027621021,-0.0775973,-0.06428581,-0.046294965,-0.091887206,-0.03680602,-0.1087763,-0.07943494,-0.09065722,-0.31950328,-0.32061696,-0.0971647,-0.08179718,-0.11817495,-0.16883548,-0.097294,-0.27543002,-0.11757923,-0.06086691,-0.12435482,-0.10686076,-0.11171033,-0.043797947,-0.23132545,-0.17596225,-0.63569045,-0.11605965,-0.06994501,-0.21610662,-0.33375517,-0.25005338,-0.2809969,-0.17445622,-0.2809969,-0.1186534,-0.14645857
0.01831832,0.015828649,0.027673583,0.037314866,0.2534,-0.0022064205,0.003854211,0.1152137,0.06969293,0.09717963,0.023982724,0.03526822,0.08184293,0.2847919,0.055142537,0.15983912,0.046212442,0.23728125,0.022650441,0.06329456,-0.033257887,0.12782061,0.11333428,0.05869204,0.087698385,0.06911336,0.09634539,-0.030923875,0.17591241,0.11581064,0.02610156,0.02196319,0.03274073,0.05347523,0.030722355,0.010593848,0.13677719,0.010593848,0.6504643,0.53076833
0.005828951,0.002100909,0.0017991407,0.026105514,0.17716528,0.38618243,0.0048010275,0.025703806,0.05624258,0.028159989,0.011296442,0.0053046793,0.02037796,0.00815649,0.08772511,0.04352526,0.52213275,0.07751729,0.043032188,0.011151938,0.6182793,0.09389702,0.04188025,0.027360091,0.052222498,0.07501417,0.024396455,0.6726867,0.05624487,0.27136758,0.070133165,0.08632957,0.23282008,0.2377117,0.15336305,0.0904252,0.03554433,0.0904252,0.076743454,0.01035083
0.01736601,0.04247641,0.04692278,0.29999986,0.0023502298,0.039062265,0.0106518725,0.2540157,0.28527722,0.063065216,0.014827774,0.015438591,0.17886026,0.014135167,0.022104893,0.42154583,0.0003310394,0.0005468181,0.045462344,0.12571765,0.0066734008,0.45496148,0.43563184,0.121017024,0.3395444,0.30733326,0.2366047,0.007299464,0.3950201,0.004915775,0.19101766,0.3048965,0.13366786,0.07197196,0.35974166,0.25632852,0.3779894,0.25632852,0.003474969,0.0013664212
-0.043139245,-0.093985215,-0.08985514,-0.07254372,-0.11178229,0.09143229,-0.02640128,-0.0015846872,0.11736138,-0.031335603,-0.034069587,0.046051674,0.006181021,0.14036761,-0.1372549,-0.10073633,0.10251564,-0.26856482,-0.01833999,-0.039292075,0.078687854,-0.02643567,-0.080683194,0.06556298,0.0026992338,0.13715608,-0.030183725,0.11526799,-0.10197987,0.03867288,-0.04638033,-0.052533504,-0.026326628,-0.22824696,-0.045844026,-0.17384079,-0.07925326,-0.17384079,0.023090888,-0.06582071
0.034087762,0.009056209,0.009587723,0.194329,0.34579137,0.011284638,0.026750788,0.06331254,0.19671032,0.16862556,0.03141281,0.04991031,0.07194884,0.037419006,0.08762509,0.010218904,0.013334503,0.03766738,0.0059352596,0.14127874,0.0040387255,0.3064183,0.22485545,0.18785004,0.32540202,0.17541677,0.042286213,0.003954384,0.12700325,0.12017969,0.2025309,0.1659628,0.12245297,0.12541935,0.07406303,0.05085172,0.05829752,0.05085172,0.029795254,0.03518303
-0.33537874,-0.10766398,-0.093544446,-0.099788226,-0.25263217,-0.02607808,-0.25229323,-0.14597969,-0.14138052,-0.18727233,-0.2884913,-0.4273652,-0.067480445,-0.21262962,-0.045584954,-0.17932098,-0.1658605,-0.24990912,-0.021215893,-0.15102375,-0.016849462,-0.15888454,-0.20004758,-0.05306838,-0.16693868,-0.18057023,-0.1389387,-0.010008331,0.4133542,0.7021288,-0.23574194,-0.3185655,-0.14843434,-0.26709694,0.3136248,-0.009404871,-0.3379947,-0.009404871,-0.040286243,-0.040291518
-0.014654236,-0.001888292,-0.0016896378,-0.0026862868,-0.0014284974,-0.0033820607,-0.026725717,-0.0011378754,-0.0011014481,-0.004641217,-0.0090026595,-0.022125987,-0.001148205,-0.0041545965,-0.0017617554,-0.0041402294,-0.020190744,-0.009714999,-0.0021692496,-0.0021356707,-0.0026487168,-0.0009467451,-0.0013119689,-0.0016153972,-0.0011150866,-0.0014065617,-0.0013030205,-0.002130917,-0.0013081604,-0.003666913,-0.0019052663,-0.0023785343,-0.003179572,-0.003186208,-0.0038595537,-0.0022496562,-0.002353352,-0.0022496562,-0.0014366094,-0.0039312425
0.004458548,0.6752194,0.56815815,0.76131463,0.5837139,0.23276842,-0.0017834238,0.7031022,0.5785436,0.08787688,0.017929329,0.042547543,0.64109737,0.47223347,0.5922937,-0.8351585,0.3708983,0.0289591,0.40638107,0.34317183,0.23520525,0.603946,0.67586213,0.31910655,0.607081,0.4999407,0.71207714,0.20905793,0.35898262,0.1343615,0.6074659,0.7061527,0.04738074,0.10022506,0.5113356,0.7173672,0.4434394,0.7173672,0.4789207,0.20092176
0.014390938,0.030500092,0.052865103,0.36355373,0.40828043,0.21207301,0.011949806,0.33549577,0.34854227,0.049943153,0.0025612838,0.009769185,0.30726928,0.24698435,0.31722277,-0.29611677,0.152477,0.14428936,0.2508101,0.15078965,0.1489579,-0.17537121,0.28292257,0.23815984,0.06965627,0.25429752,0.3045422,0.13272667,0.104549564,0.23190929,-0.08675949,-0.116420254,-0.37200806,-0.39513934,-0.25509214,-0.22553052,0.09789154,-0.22553052,0.37084454,0.19840695
-0.4128516,0.30829483,0.2288529,-0.13559738,0.41475675,-0.26541483,-0.45022103,0.050932832,0.1573445,-0.6498865,-0.52234316,-0.35411304,0.15556112,-0.389607,-0.0842641,0.013286075,-0.50716007,0.12800531,-0.26346982,0.082136095,0.27054134,0.20886436,-0.4227837,0.15972944,0.004254479,0.02240806,-0.04307252,0.3259952,0.058708783,-0.07844131,0.12285444,0.17465498,-0.019317387,0.19196416,0.535106,0.6166266,0.15614364,0.6166266,0.6149227,0.5299963
0.022639858,0.0060353656,0.00756579,0.18585561,0.0038306601,0.12314821,0.038025167,0.07690821,0.11354751,0.0026254673,0.018078454,0.01746904,0.050524924,0.007292969,0.17565346,0.031860113,0.0039628698,0.00017527165,0.010392669,0.03336897,0.0090466775,0.09573404,0.08024105,0.08409402,0.10139601,0.11424987,0.07380008,0.0068145473,0.002488221,0.031793322,0.004073707,0.0072661964,0.029625768,0.038515482,0.016330589,0.01275236,0.007452156,0.01275236,0.0019109508,0.0027173462
0.005920948,-0.20101081,-0.14727977,-0.14724532,-0.10795049,-0.02332852,0.0014231425,-0.09937559,-0.15305106,-0.0043017175,0.016832132,0.010431896,-0.040075734,-0.06702499,-0.04721097,-0.030150656,0.0026146064,-0.012266431,-0.0054744203,-0.034779906,-0.0013997147,-0.057347566,-0.24313846,-0.13855541,-0.117078565,-0.16849186,-0.12702993,-0.0008735319,-0.0051560565,-0.07943988,-0.032120153,-0.12477534,-0.031410366,-0.06459706,-0.019645875,-0.04097571,-0.007820656,-0.04097571,-0.0074028624,-0.010056012
0.008846411,-0.03579345,-0.03929768,0.17664361,0.3970986,0.11342231,0.013938115,0.21277435,0.12017324,0.001979167,0.01295893,0.013874691,0.194312,0.033719607,0.11262919,0.10750775,0.107926026,0.37421244,0.17355017,0.045856472,0.16654442,0.124173485,0.15543556,0.060654446,0.14536028,0.088578746,0.17216769,0.15851554,-0.06559683,0.09654536,-0.03615669,0.01785622,0.14337975,0.12245989,0.040018033,0.0068260347,-0.00015381993,0.0068260347,-0.08714154,-0.11762081
0.02804005,0.25055617,0.24192391,-0.109916896,0.00592954,-0.27245036,0.050604854,-0.023803014,-0.10764378,-0.14494815,0.011539395,0.04425549,-0.12002424,0.057839617,-0.39462715,-0.21499227,-0.35450956,-0.22145392,-0.21415167,-0.031446654,-0.3306575,-0.033485398,0.18839692,0.1234112,0.025854899,-0.09999062,0.056052126,-0.3493902,-0.1644185,0.83222556,-0.13037658,0.20412537,0.23284619,0.150822,-0.0054002134,-0.42264846,0.085647725,-0.42264846,-0.31301427,-0.25998992
-0.05987399,0.031853613,0.076494135,0.11604694,0.4540304,0.0965403,-0.12618811,0.1713994,0.13202839,0.19983084,-0.010857423,0.035743263,0.102961875,0.03386314,0.2500066,-0.24890171,0.27171603,0.35958135,0.023142725,0.17402007,0.06327037,0.093723185,-0.026772812,0.16665217,0.01888138,0.12826431,0.174247,0.069762215,0.31060413,0.22938691,-0.64851004,-0.538464,0.2803025,0.22565715,0.107584536,-0.9860337,0.30707708,-0.9860337,0.38354406,0.26554847
-0.12675653,0.4110924,0.4082002,0.02322774,-0.023753125,-0.3849912,-0.16367038,0.11486822,0.2492198,-0.04963403,-0.13082512,-0.10592238,-0.2780095,-0.3741749,-0.301305,-0.071501054,0.5646413,0.0103637725,-0.6687819,-0.08100823,-0.40092906,0.18473259,0.42821974,0.12464416,0.19733924,0.31723368,0.19110246,-0.39836562,0.11110762,0.87444574,0.20960988,0.5355135,0.5118763,0.52884495,0.62324935,0.34453467,-0.065737806,0.34453467,0.15944196,0.23414715
0.19578642,-0.28345114,-0.26228797,0.024188552,0.12612315,0.0038241388,0.31255972,0.109321885,-0.02389881,0.2579704,0.15206933,0.21475309,0.09650146,-0.101986066,0.26022005,0.22011724,-0.09444523,-0.010275939,0.20158206,0.010343192,-0.03833336,0.06987769,0.14474092,-0.0058976393,0.19701506,-0.048247874,0.084099606,-0.027946427,0.05795251,-0.10266871,-0.028693095,0.013238012,0.17889927,-0.0056385016,0.07664507,0.07541446,0.072475046,0.07541446,-0.041466817,0.01011483
0.027073031,0.06149965,0.0566406,0.034306634,0.013609339,0.29048103,0.011181947,0.064764135,0.08987962,0.01228623,0.03981019,0.021017358,0.04637786,0.13200447,0.37398863,0.03459307,0.0013725299,0.0006786331,0.34521013,0.0337895,0.8195407,0.104222104,0.100208275,0.059310276,0.093689,0.09239896,0.06819806,0.80739653,0.15154284,0.6424127,0.18597877,0.23624213,0.626096,0.79379225,0.24866967,0.26166192,0.11556375,0.26166192,0.23110577,0.1305725
-0.0066745714,-0.00018104257,-0.00019930836,-0.0046674297,-0.0063276025,-0.0027389433,-0.0025768934,-0.035547707,-0.08549395,-0.006020622,-0.01023746,-0.006355773,-0.0022790118,-0.013683418,-0.0055295583,-0.00651199,-0.00057995954,-0.00830373,-0.00356003,-0.0016634722,-0.00034379182,-0.002522902,-0.004300139,-0.00026256766,-0.0029129544,-0.09720719,-0.018247833,-0.00039751318,-0.0114845475,-0.00064307335,-0.05054885,-0.030035494,-0.0010023492,-0.0007111116,-0.011993746,-0.11955896,-0.0043754214,-0.11955896,-0.005643162,-0.007692658
-0.3114082,-0.33177558,-0.3655,-0.46730056,0.05067634,-0.059615668,-0.34244838,-0.20101888,-0.19788119,-0.12697516,-0.33872157,-0.26574704,-0.15766755,-0.118578725,-0.41059807,-0.09901844,-0.06460216,0.0050480887,-0.011316183,-0.44198495,-0.040597603,-0.38014477,-0.34869742,-0.61620027,-0.32060447,-0.18306355,-0.21719816,-0.068715684,-0.06632846,-0.22037145,-0.025017127,-0.032734957,-0.121418424,-0.15335846,-0.045417108,-0.029900927,-0.06157654,-0.029900927,0.07833776,0.09411639
-0.06703981,-4.0141977e-06,-1.1573627e-05,-0.07388564,-0.21801259,-0.5158306,-0.027896011,-0.17506914,-0.1701747,-0.24555773,-0.05729071,-0.046923127,-0.18243195,-0.40567157,-0.30013198,-0.3777963,-0.4190716,-0.4568762,-0.23078293,-0.020637231,-0.36185718,-0.30714235,-0.013213825,-0.0013223753,-0.20480917,-0.1341076,-0.037337728,-0.47110382,-0.5213686,-0.00086701364,-0.24110517,-0.004258725,-0.028599005,-0.10093439,-0.05161448,-0.09654905,-0.18210422,-0.09654905,-0.30593023,-0.38144404
0.0012664759,-0.00042027186,-0.00047664865,0.0014208225,0.011507365,0.0046017626,0.0015376569,0.0015851343,0.0005750781,0.0016265099,0.001409884,0.00088063953,0.0023372932,-0.0018259913,0.004542299,0.00031776598,0.078459546,0.057959627,-0.0004993635,0.0007257333,-0.00089190097,0.00044090138,0.0009217083,0.0013135418,0.0008844965,0.00086880085,0.0030597616,-0.0012918288,0.0006073973,0.07236834,0.00029188063,0.0008464752,0.003956779,0.01312058,0.0006767283,0.000111273286,0.00034906247,0.000111273286,0.0027711587,0.021437712
0.032086212,0.8597626,0.8521611,0.54174685,0.7279853,0.086288355,0.054671526,0.2894173,0.5336789,0.13979115,0.03542169,0.04931997,0.29063928,0.021463597,0.40914837,0.4091216,0.00033361133,0.006281687,0.62767434,0.49294126,0.515141,0.42805165,0.6229572,0.46590024,0.43799287,0.6057167,0.3087929,0.57867634,0.40454563,0.30494642,0.60955405,0.89387685,0.16594128,0.11038951,0.7859944,0.89026695,0.38821697,0.89026695,0.20436543,0.18751104
0.19722755,0.042899545,0.06198883,0.37903306,0.08013552,0.13002445,0.44154477,0.2820049,0.43047965,0.3062137,0.095085464,0.17058262,0.10836816,0.228417,0.28659654,0.31713548,0.042601794,0.3912969,0.02706002,0.30660707,0.048020333,0.71764886,0.061504897,0.12378083,0.31463957,0.34731877,0.13056377,0.092815146,0.47190997,0.070556805,0.010435048,0.009702273,0.19265354,0.22591448,0.06477825,0.0011506876,0.10311263,0.0011506876,0.20196207,0.18404339
0.36515367,0.002338502,0.005945193,0.013903549,0.01815461,0.62402976,0.5008526,0.025039857,0.025128772,0.3822119,0.29735216,0.4222997,0.07892613,0.25377533,0.26890948,0.31415427,0.36080325,0.18958496,0.48930177,0.08235236,0.6153232,0.05073339,0.007555527,0.0054305214,0.021464095,0.024531448,0.012374445,0.5979353,0.18965085,0.008805642,0.12233506,0.008250802,0.01377374,0.02051235,0.06793849,0.16750571,0.25977698,0.16750571,0.14327367,0.1485592
-0.008083645,-0.0780977,-0.07597,-0.00640538,-0.005719645,-0.016609633,-0.005952087,-0.020978438,-0.011441827,-0.009214052,-0.008768294,-0.007685702,-0.013467875,-0.090745084,-0.0050993157,-0.07157127,-0.011901457,-0.01221267,-0.029971449,-0.012554953,-0.042429414,-0.015455468,-0.009572768,-0.018369036,-0.013227688,-0.008710783,-0.01866399,-0.028502744,-0.022920622,-0.017565005,-0.019442264,-0.017223079,-0.012257262,-0.01347905,-0.01031343,-0.07922074,-0.025340376,-0.07922074,-0.071998715,-0.046740424
0.070218116,-0.14516616,-0.12204002,-0.06428967,0.26280218,-0.00013954719,0.042503458,-0.042126976,-0.08727617,-0.02260205,0.04868295,0.1168416,-0.010950031,-0.0142608145,-0.011134874,-0.007401545,0.1602063,0.23573664,-0.0011631515,-0.041340794,-0.00036756968,-0.026692294,-0.040196512,-0.063136004,-0.04029881,-0.09635698,-0.03317898,-0.0011127656,-0.008127018,0.094603814,-0.024681685,-0.021353077,-0.0022479817,0.002042585,-0.0111980075,-0.028317856,-0.0040299334,-0.028317856,-0.0008926348,-0.00024495888
-0.022854935,-0.038544253,-0.036931355,-0.43386012,-0.061911795,-0.053411037,-0.04034904,-0.22485475,-0.24781561,-0.028702116,-0.019977774,-0.020401988,-0.12189206,-0.1303561,-0.19850805,-0.1443917,-0.26476184,-0.031204874,-0.018912807,-0.055053473,-0.04585387,-0.38524374,-0.39320624,-0.15580788,-0.47933722,-0.20562387,-0.23320799,-0.07671495,-0.037705645,-0.010096924,-0.061487455,-0.05710028,-0.01353202,-0.019882055,-0.055560064,-0.09211768,-0.06635967,-0.09211768,-0.09904039,-0.09508619
0.03771603,0.7531427,0.716009,0.38843665,0.17059891,0.54808885,0.04314878,0.29086486,0.5630458,0.107916206,0.029067852,0.05961505,0.49278572,0.19068229,0.72052807,0.17118998,0.23765348,0.0983574,0.2786003,0.2945495,0.65476924,0.3877426,0.34541234,0.47640744,0.43302405,0.49420232,0.26681045,0.5611041,0.21619219,0.025476083,0.17458759,0.14733289,0.09416114,0.108892165,0.29520163,0.3318359,0.25762206,0.3318359,0.3330589,0.1712785
-0.017432017,-0.011120677,-0.009542195,-0.0034218475,-0.11409813,-0.026540082,-0.00987023,-0.0009710647,-0.0029353295,-0.012028069,-0.011335989,-0.027502723,-0.0057011214,-0.0005213989,-0.0053408933,-0.035028182,-0.20414521,-0.068315946,-0.11756088,-0.0041532633,-0.2548017,-0.009616408,-0.0012959648,-0.0010763115,-0.0056887222,-0.0022748508,-0.0004962447,-0.39163384,-0.065896936,-1.9416045e-06,-0.018497659,-0.0029433044,-0.0004054583,-0.0002647305,-0.0042089256,-0.048007734,-0.038302887,-0.048007734,-0.32490402,-0.3087167
-0.04578522,-0.3996122,-0.39392176,-0.65039814,-0.6906168,-0.023633456,-0.02169251,-0.51838404,-0.64109224,-0.14336945,-0.07246582,-0.103193305,-0.47132057,-0.21109942,-0.024327552,-0.0038727114,-0.0073737907,-0.26425558,-0.041049875,-0.4766032,-0.0055242046,-0.27797508,-0.3509147,-0.49127585,-0.2988834,-0.6185941,-0.50683105,-0.005900142,-0.36377367,-0.031747393,-0.51001346,-0.5816296,-0.22497874,-0.3771221,-0.5157687,-0.39836398,-0.30499858,-0.39836398,-0.51968783,-0.377629
0.027738618,0.017830636,0.015612326,0.013288191,0.18413489,5.035237e-05,-0.017407693,0.01110708,0.012633491,0.065762445,0.058851253,0.07900824,0.0093155075,0.009837534,0.013643904,0.013372149,-0.09713723,-0.15789808,0.00027696532,0.008115858,2.7004535e-05,0.0039189574,0.0035458354,0.0024985736,0.0052772476,0.01189383,0.006764867,1.9794503e-05,0.00591137,0.009707936,0.013072456,0.008076786,0.008522172,0.016686587,0.021995042,0.032959267,0.009555526,0.032959267,0.006696129,0.009419095
0.06267532,0.00866513,0.013572737,0.001972777,0.14689691,0.007636204,0.042395134,-9.913207e-05,0.00045621433,0.019708801,0.017324122,0.12506995,-0.00018712235,0.46463296,0.03898168,-0.007395503,0.066730335,0.017038893,0.0005681557,0.0026112038,0.015642274,0.0028004353,0.002136612,0.003248888,0.0030102741,0.000743487,-6.391571e-05,0.027183987,0.022192419,0.8766332,0.004505344,0.0052673486,0.08114177,0.3342283,0.0013563437,-0.0040408894,0.0082632685,-0.0040408894,0.24016692,0.27433935
-0.018327948,0.25853986,0.18161835,0.2099448,0.024113059,-0.07464532,0.006781167,0.27615514,0.17845842,-0.25103837,0.0039482587,-0.022280931,0.2901633,0.19708194,-0.46942756,0.17255658,-0.8298419,-0.28350598,-0.29003784,0.29374042,-0.11555208,0.10582113,0.16296406,0.3238594,0.13902353,0.16233875,0.3095231,-0.011508489,0.0007681292,0.71867245,0.02897657,0.057457376,0.07762202,0.2109233,0.048785772,0.19629037,0.007962245,0.19629037,0.009274136,0.017265363
0.045176316,0.23549812,0.2790442,-0.014359033,0.23486984,0.06595158,-0.009671957,0.06268781,0.09970306,0.08964327,0.07483967,0.10373531,-0.104781754,0.19530754,-0.14814909,0.118050374,-0.111869,0.15333769,0.35019273,0.0028628039,0.20598657,0.024507578,-0.07227536,-0.136612,0.026414745,0.0716826,0.024938995,0.12151714,0.06776635,-0.49213836,0.18394993,-0.038937867,-0.2979455,-0.1727323,0.14080359,0.6398362,0.26402003,0.6398362,0.5215796,0.42946145
0.1609644,0.55803436,0.50510156,0.027987044,0.03210592,0.1268317,0.31139463,0.090043396,0.038878165,0.023914443,0.081957676,0.10297418,0.13156964,0.05389714,0.0003358158,0.2027271,0.0010163547,0.004053672,0.17599654,0.0385461,0.1774507,0.079290256,0.091984995,0.15776804,0.11299329,0.054989442,0.1520771,0.29880857,0.05001078,0.24359429,0.020244896,0.09114494,0.18271777,0.24343096,0.084361576,0.098123826,0.042943817,0.098123826,0.032397434,0.07621178
-0.002170621,-4.0823343e-06,-6.431564e-05,-0.16415866,-0.010274946,-0.092072174,-0.007452625,-0.0067851082,-0.109263495,-0.0067586685,0.0008636519,-0.00058866857,-0.012210855,-0.00089514215,-0.20159304,-0.0019313757,-0.0067627886,-0.00046482164,7.0829294e-05,-0.004865178,0.00024503542,-0.017854255,-0.014983152,-0.0052978327,-0.029161913,-0.11313165,-0.005908826,0.000100119716,-0.0033629802,-0.0072659305,-0.00082966324,-0.0022011306,-0.0013880067,-0.00092241535,-0.004914944,-3.2182976e-05,-0.0009887501,-3.2182976e-05,-4.4264798e-05,-0.00012624075
-0.014469228,-0.00015557374,-0.0002958716,-0.019049924,-0.0006062513,-0.0026558675,-0.01931183,-0.0226825,-0.0048372173,-0.0033749116,-0.01336965,-0.011671176,-0.007704264,-0.0019736202,-0.0037301285,-0.0011001786,-0.006482474,-0.0004801057,-0.008173548,-0.002874415,-0.02374021,-0.00078240107,-0.0011390162,-0.0010737905,-0.00053322274,-0.0025488534,-0.014686706,-0.06426724,-0.00043632666,-0.0072963927,-0.0031127231,-0.0015567192,-0.0001369547,-0.0001854539,-0.00018465213,-0.0073901135,-0.00042670217,-0.0073901135,-0.00016684915,-0.00026486666
0.012501101,-0.21167293,-0.23135196,0.6188073,0.42182523,-0.07441033,-0.0013960386,0.35236207,0.3913443,0.15081175,0.0133875245,0.06438762,0.22139136,-0.03761886,0.52014834,0.4835227,0.29857823,0.30630463,-0.061410528,0.20826347,-0.65286267,0.31282157,0.2714172,0.073394075,0.31873155,0.3620933,0.26997688,-0.50316554,0.08154596,0.41876933,0.07340343,-0.22633614,-0.32881248,-0.2850612,0.21376988,-0.54694825,-0.06390731,-0.54694825,-0.1441519,-0.14595866
-0.56351846,-0.00016050004,-0.00022893972,-0.0016974063,-0.006444621,-0.008961432,-0.259371,-0.0042427056,-0.0032288744,-0.022067681,-0.41596076,-0.95163697,-0.0023701745,-0.00061807083,-0.009963679,-0.96872455,-0.0003458634,-0.0005486324,6.751424e-05,-0.0071711345,-0.00017961304,-0.00078463653,-0.0020127734,-0.0016880564,-0.0017029503,-0.0064468156,-0.0022249275,-7.491405e-05,-0.011231931,-0.91788626,-0.004945378,-0.0011464282,-0.00076549023,-0.00059724535,-0.77701056,-0.6135803,-0.8038664,-0.6135803,-0.0006477212,-0.00071458594
-0.0016525158,-0.023359826,-0.023160378,-0.0014429549,-0.122046486,-0.0101547055,-0.0004520778,-0.030665524,-0.03520133,-0.05108614,-0.0053866194,-0.002464328,-0.0229853,-0.038227037,-0.657789,-0.031761352,-0.06031836,-0.17144383,-0.05571742,-0.06384682,-0.0072679077,-0.010798417,-0.009565511,-0.02433286,-0.009324516,-0.025026359,-0.022417944,-0.010759289,-0.11438057,-0.00029514564,-0.043819398,-0.01179463,-0.0021541081,-0.0016055143,-0.002070643,-0.030420927,-0.077574946,-0.030420927,-0.6291341,-0.5348639
-0.024978548,-0.4213413,-0.43670422,-0.38858503,-0.21745707,-0.06407777,-0.009718683,-0.24486671,-0.31962466,-0.08148493,-0.03612742,-0.039400995,-0.26155394,-0.39106664,-0.010188727,-0.05875529,0.07033458,0.47727504,-0.18700741,-0.28918615,-0.0498892,-0.4343474,-0.2755429,-0.36680287,-0.42351094,-0.26962474,-0.22124673,-0.038162068,-0.10509895,-0.011220335,-0.18009019,-0.15794463,-0.06300497,-0.072175294,-0.2014087,-0.08539762,-0.24469863,-0.08539762,-0.42345798,-0.1977406
-0.052685015,-0.30101416,-0.30882448,-0.2737658,-0.0020655855,-0.007445261,-0.04714055,-0.006508842,-0.075945936,-0.013605871,-0.03974099,-0.16870104,-0.010647123,-0.017315254,-0.13492635,-0.07557667,-0.002189524,-0.008286338,-0.00065480935,-0.050793286,-0.00015869892,-0.0031537344,-0.014863275,-0.06278853,-0.008187772,-0.07466645,-0.012640737,-0.00014779001,-0.013585528,-0.48608112,-0.009628045,-0.008972171,-0.007433604,-0.0054281303,-0.054940905,-0.081307255,-0.034717206,-0.081307255,-0.003487563,-0.005062435
-0.004523423,-0.0025806504,-0.0031408318,-0.0016220962,-0.040250324,-0.0004821683,-0.0035023766,-0.0011607856,-0.002247015,-0.026835425,-0.006131903,-0.0048914137,-0.0014632063,-0.04352541,-0.014716066,-0.00079117314,-0.000510913,-0.013261295,-0.0004996431,-0.007437977,-0.00037107404,-0.0057334974,-0.005310695,-0.0034112278,-0.0060643745,-0.0021150727,-0.0010150697,-0.00027742222,-0.1916552,-0.6208609,-0.040156722,-0.029997118,-0.31640652,-0.4733087,-0.030412985,-0.00085590634,-0.02238825,-0.00085590634,-0.12921205,-0.13761242
-0.062687166,-0.62030584,-0.73093355,-0.20215784,-0.7835676,-0.2571275,-0.09178561,0.41844428,0.26936817,-0.23454446,-0.056678373,0.028940255,0.20079161,0.099015936,0.12199151,-0.012312242,-0.016201189,-0.6465584,-0.10921906,-0.14993177,-0.23150799,0.25079438,0.15768315,-0.0018801335,0.10361609,0.22130997,0.3762094,-0.25164607,-0.6886124,0.00031592447,-0.5036686,-0.8263118,0.058943737,0.05896917,0.19501296,-0.5393579,-0.74907196,-0.5393579,-0.90789753,-0.60413206
-0.033969577,-0.00010705127,-0.00017087882,-0.0659254,-0.010761791,-0.031147465,-0.039055835,-0.039245896,-0.05136595,-0.012410721,-0.019274797,-0.042095628,-0.022360675,-0.01887741,-0.7113022,-0.0020614935,-0.020772522,-0.011965788,-0.0031352066,-0.020032449,-0.007555839,-0.044387866,-0.0307925,-0.022336103,-0.08022467,-0.035233222,-0.019958204,-0.010640749,-0.0025289815,-0.011846438,-0.0022019886,-0.0014622585,-0.0166024,-0.015104886,-0.00077906274,-0.00042218936,-0.0010728453,-0.00042218936,-0.00063757855,-0.000594295
0.0042796545,-0.003476887,-0.0039816257,0.0021002265,0.0010258399,0.007575794,0.000217533,0.00080055837,0.003158196,0.01053751,0.0010279866,0.0067710564,0.003245353,0.01024887,0.51916283,0.0042224997,0.824549,0.79675025,0.010898918,0.0026620117,0.0151955495,0.0010507813,0.00045967798,0.0016796107,0.00071375474,0.0027582424,0.00054282614,0.009095414,0.0059834854,0.00050676934,0.017334435,0.0033379286,0.0058846343,0.0053348406,0.002066631,0.013116269,0.012561836,0.013116269,0.016031042,0.016325617
0.012487904,0.5834664,0.5150948,0.40334633,0.31819975,0.11563953,-0.013277016,0.1811527,0.17678581,0.14016671,0.050654795,0.049663853,0.21759054,0.250555,0.28456706,-0.3268767,0.56135595,0.09873367,0.10540717,0.24134365,0.016114898,0.31984416,0.3193773,0.37462145,0.28243798,0.21877472,0.24619645,-0.104484,0.0097950855,0.11014338,0.18909466,0.21384133,0.103825465,0.084197156,0.30595633,0.3798376,0.19086398,0.3798376,-0.4871033,-0.3316318
0.072529376,0.0003366005,-0.0093151145,0.23409782,-0.06387001,-0.51140916,0.06613486,0.023268651,-0.01907546,0.0030340303,0.08281056,0.05288246,0.05400919,-0.020639412,-0.14589648,-0.12552269,-0.34727883,-0.0313812,-0.07362086,0.028488776,-0.36455792,0.011721785,0.084400006,-0.01456835,0.08381176,-0.0508443,0.044842925,-0.31449866,0.04106912,-0.15793741,0.0044549513,0.06428312,-0.20565774,-0.2206623,-0.11804467,-0.16808671,-0.027060172,-0.16808671,-0.028059395,-0.03810892
0.017916001,0.0015193861,0.0019783266,0.02637561,0.1943021,0.020668048,0.012887989,0.035865277,0.029334787,0.051134825,0.020429587,0.018279195,0.019485358,0.1781209,0.010370066,0.04607659,0.03801228,0.10827166,0.011162273,0.013377382,0.017201535,0.16203171,0.152708,0.0404454,0.23507343,0.030747976,0.04071438,-0.013232786,0.03668592,0.72775143,0.09210628,0.16520618,0.61715484,0.6521969,0.0691265,0.012501573,0.07588871,0.012501573,0.033790454,0.07308502
-0.298692,0.07011153,0.0709649,-0.1788618,-0.27466562,-0.18455794,-0.29215133,-0.45773128,-0.19490077,-0.11610169,-0.2750488,-0.333339,-0.16675302,0.00931636,0.2335247,-0.21267289,-0.16253737,0.062141344,-0.18988736,-0.11821426,-0.25206366,-0.2223573,-0.15048839,-0.14249149,-0.195123,-0.15452285,-0.42017743,-0.3212692,-0.031840924,0.051003538,-0.16620219,-0.20494618,-0.041496057,-0.012392263,-0.005488578,-0.46005616,-0.05969955,-0.46005616,0.040135354,0.039314643
0.037942134,0.38904694,0.34050742,0.13148732,0.013138467,0.05133403,0.096491136,0.13947532,0.2676422,0.07601225,0.028798712,0.0196839,0.22334231,0.05475926,0.02061293,0.2928931,0.0007953472,0.008491303,0.2987141,0.13733092,0.03188449,0.12930608,0.088700734,0.14770943,0.1233273,0.26849404,0.15667498,0.02670616,0.10596233,-0.10758858,0.22266425,0.17677642,0.05293516,0.024370603,0.6848796,0.37487015,0.2147882,0.37487015,0.09065937,0.019297652
-0.04591085,-0.378086,-0.32647985,-0.017066171,-0.5525275,-0.112714976,0.00984358,-0.16680117,-0.21398339,-0.22802448,-0.10591368,-0.07234806,-0.04923738,-0.05962165,-0.0681785,-0.19025008,-0.12032227,-0.24913442,-0.12984204,-0.21856323,-0.4480197,-0.1424193,-0.25651777,-0.3796449,-0.16734129,-0.22584908,-0.15877728,-0.5012425,-0.055817742,-0.18943313,-0.08520611,-0.16091244,-0.1070515,-0.13917083,-0.08805726,-0.16772981,-0.21903606,-0.16772981,-0.23039475,-0.13544987
0.37760952,0.023875022,0.033397224,0.1463501,0.55159205,0.070709094,0.2502051,0.17157754,0.21537904,0.7333181,0.35514978,0.42255092,0.32658988,0.12815027,0.06125093,0.592206,0.2200906,0.74941754,0.31706896,0.30267957,0.13360712,0.49192744,0.22752061,0.047363453,0.42039946,0.2037453,0.102676794,0.14878817,0.7066965,0.0023269597,0.6454277,0.3218865,0.16324101,0.08484387,0.34934306,0.15409711,0.7508503,0.15409711,0.8987293,0.86384225
0.001051061,-4.5873566e-08,-9.554537e-08,-0.00066694815,-6.1096607e-06,-0.019363035,0.00055703585,-3.9628336e-05,-5.97729e-05,0.00031899416,0.00064273976,0.0018272145,-5.7036174e-05,2.0334115e-05,-0.00020454232,-4.360891e-06,-0.18531127,-0.00028341613,-1.5699228e-05,2.2929637e-06,-0.0012578223,-7.602986e-06,-6.3145504e-05,-1.9156636e-05,-5.613872e-05,-0.000103649036,-7.6251104e-05,-0.0058848956,-6.170483e-06,0.0010731868,1.0742936e-05,5.3172016e-07,5.958791e-05,5.8266232e-05,3.89385e-06,-5.1018915e-06,2.3813627e-06,-5.1018915e-06,5.426752e-07,3.4739767e-06
-0.2245378,-0.3946729,-0.35929993,-0.04708789,-0.36660245,0.5646852,-0.25746933,-0.2969766,-0.17042539,-0.23635226,-0.22903325,-0.19950539,-0.24449873,-0.7645434,0.0032333639,-0.2822547,0.54927933,0.14730063,-0.12405882,-0.18241872,0.6636351,-0.34541348,-0.33958644,-0.4286392,-0.20107667,-0.2050552,-0.41258982,0.67731726,-0.22917175,-0.93094784,-0.2238437,-0.35873193,-0.5945135,-0.65582603,-0.33493698,-0.5735931,-0.21049255,-0.5735931,-0.39436507,-0.5383622
-0.025286999,-0.18946494,-0.19935459,-0.014619061,-0.059565,0.056267165,-0.04330649,-0.027126245,-0.043109983,-0.04476956,-0.018982532,-0.019541917,-0.014211692,-0.059696354,-0.039065827,-0.041940015,0.043084856,-0.091299646,-0.032054804,-0.07108717,0.007871994,-0.035263903,-0.03487766,-0.049084447,-0.023990558,-0.045602143,-0.024691984,0.012565921,-0.058379445,-0.11054834,-0.039461512,-0.037806712,-0.05377356,-0.05514141,-0.070925996,0.0009169221,-0.0663255,0.0009169221,-0.16810891,-0.13222983
0.5649112,0.21737702,0.19982335,-0.29159957,-0.51401186,0.19167219,0.74207175,0.04436011,-0.083604135,5.8375557e-05,0.44801953,0.5429101,0.1037384,-0.15951116,0.21350236,0.28742293,0.6768001,0.18158722,0.22872269,-0.06326871,0.19043714,-0.30677834,-0.34083313,-0.097586855,-0.4026982,-0.08187211,0.0694268,0.29530752,-0.21870267,0.5336759,-0.10951596,-0.23003888,-0.31946966,-0.24835002,0.026763704,0.13517377,-0.05164255,0.13517377,-0.38789478,-0.030628096
0.16410665,0.21126299,0.19134668,0.085583374,0.46089146,0.06632386,0.18150789,-0.09376804,0.222294,-0.29603186,0.024343684,0.20195018,-0.042069122,0.28824025,-0.55478656,-0.3276948,0.14322098,0.065169215,-0.030178174,0.039650258,0.35099795,0.3368486,0.39139545,0.3238131,0.54530424,0.15615958,-0.081962906,0.367374,-0.14286414,0.5650766,0.16056964,0.20237046,0.20979819,0.6546657,-0.22390977,-0.011499366,-0.3154738,-0.011499366,0.46106416,0.5021456
-0.003461009,0.025465442,0.023307437,0.032402,0.23091033,-0.07574379,-0.0035939515,-0.11373941,0.014133815,0.05880263,-0.008214066,-0.009248925,0.06881178,0.057724096,-0.16426712,0.047775038,0.26592824,0.13148938,0.025845893,0.16031401,-0.04702323,0.27983925,0.24893692,0.22612953,0.28933683,0.019432168,-0.0794141,-0.15521201,0.19672973,0.10739441,0.30059072,0.24347375,0.24731877,0.29122737,0.22725937,-0.1751349,0.17352943,-0.1751349,0.124282174,0.14110084
-0.072042905,-0.47985825,-0.44506806,0.7625858,-0.21737313,0.5691851,-0.111274056,0.14212462,0.011293444,-0.23946342,-0.10460812,-0.079484314,0.27656484,0.3537086,0.613247,-0.41019624,-0.098584995,-0.1705493,-0.27489057,-0.24551466,0.14147244,0.45593902,0.35934377,0.089804344,0.5398902,-0.1104959,0.06189716,0.07303989,-0.05768364,-0.62339044,-0.5206639,-0.56086195,-0.45928943,-0.4061172,-0.46359786,-0.35044697,-0.41021025,-0.35044697,0.04644847,-0.23331016
