{"Variational Autoencoder Training Loss": 10.97221565246582, "_timestamp": 1717439138.7044442, "_runtime": 3.447495222091675, "_step": 9, "_wandb": {"runtime": 2}}