{"Denoising Autoencoder Training Loss": 8.844999313354492, "_timestamp": 1716931158.7722838, "_runtime": 41.364895820617676, "_step": 9, "_wandb": {"runtime": 39}}