{"Variational Autoencoder Training Loss": NaN, "_timestamp": 1717446732.9191024, "_runtime": 206.62623238563538, "_step": 44, "_wandb": {"runtime": 208}}