{"Training Loss": 2.294172763824463, "_timestamp": 1716919131.2063026, "_runtime": 37.70042872428894, "_step": 9, "_wandb": {"runtime": 37}}