{"Variational Autoencoder Training Loss": 13.141992568969727, "_timestamp": 1717935141.3833525, "_runtime": 37.16087555885315, "_step": 99, "_wandb": {"runtime": 36}}