{"Training Loss": 2.405980110168457, "_timestamp": 1716919933.577724, "_runtime": 37.52356195449829, "_step": 9, "_wandb": {"runtime": 37}}