{"Training Loss": 0.5223170518875122, "_timestamp": 1716919758.0506032, "_runtime": 37.83034324645996, "_step": 9, "_wandb": {"runtime": 37}}