{"Training Loss": 3.2522480487823486, "_timestamp": 1716919395.8209445, "_runtime": 37.498130559921265, "_step": 10, "Test Loss": 5.68210506439209, "_wandb": {"runtime": 37}}