{"Variational Autoencoder Training Loss": 17.947275161743164, "_timestamp": 1717864204.397284, "_runtime": 73.23221111297607, "_step": 199, "_wandb": {"runtime": 72}}