{"Variational Autoencoder Training Loss": 17.690298080444336, "_timestamp": 1717705836.665051, "_runtime": 77.177649974823, "_step": 199, "_wandb": {"runtime": 75}}