{"Variational Autoencoder Training Loss": NaN, "_timestamp": 1717511541.0423563, "_runtime": 160.50379729270935, "_step": 331, "_wandb": {"runtime": 160}}