{"Variational Autoencoder Training Loss": 17.92978286743164, "_timestamp": 1717935028.4062982, "_runtime": 73.3307421207428, "_step": 199, "_wandb": {"runtime": 72}}