{"how dumb is randy": 1.98, "_timestamp": 1716920440.482371, "_runtime": 2.3762710094451904, "_step": 199, "how smart is cate": 18.98, "_wandb": {"runtime": 0}}