{"Denoising Autoencoder Training Loss": 4.024275779724121, "_timestamp": 1716921218.400853, "_runtime": 37.17706799507141, "_step": 9, "_wandb": {"runtime": 36}}