{"how dumb is randy": 1.98, "_timestamp": 1716491809.1659272, "_runtime": 2.176467180252075, "_step": 199, "how smart is cate": 18.98, "_wandb": {"runtime": 0}}