{"Training Loss": 2.2298052310943604, "_timestamp": 1716919334.4467933, "_runtime": 37.68052530288696, "_step": 9, "_wandb": {"runtime": 37}}