{"Training Loss": 3.0961122512817383, "_timestamp": 1716919811.8471467, "_runtime": 29.97471284866333, "_step": 7}