{"Variational Autoencoder Training Loss": 17.96895980834961, "_timestamp": 1717693095.9693818, "_runtime": 74.50594687461853, "_step": 199, "_wandb": {"runtime": 73}}