{"Denoising Autoencoder Training Loss": 2.6776511669158936, "_timestamp": 1716920982.1178174, "_runtime": 37.65432047843933, "_step": 9, "_wandb": {"runtime": 37}}