{"Variational Autoencoder Training Loss": 10.467977523803711, "_timestamp": 1717440165.485193, "_runtime": 3.4757840633392334, "_step": 9, "_wandb": {"runtime": 2}}